mode,rep,base_ints,num_exprs,alpha__best_pct_error,alpha__hits_le_1.0,higgs_over_z__best_pct_error,higgs_over_z__hits_le_1.0,omega_lambda__best_pct_error,omega_lambda__hits_le_1.0,cabibbo_deg__best_pct_error,cabibbo_deg__hits_le_1.0,alpha__hits_le_0.1,higgs_over_z__hits_le_0.1,omega_lambda__hits_le_0.1,cabibbo_deg__hits_le_0.1
strict,0,"[21, 19, 24, 13, 20, 26, 7, 12, 14, 27, 11, 231, 387, 135, 367, 3989, 1895]",60000,0.018283660283035706,11,0.001895623066924506,34,0.013821354478860555,32,0.01179801793298177,112,2,5,7,23
strict,1,"[15, 28, 22, 14, 4, 18, 24, 23, 13, 27, 21, 190, 370, 40, 211, 5869, 1971]",60000,0.06533859424711984,19,0.11128282559137159,19,0.04390152482379106,29,0.0041452495440276165,125,2,0,4,13
strict,2,"[16, 9, 7, 27, 12, 23, 24, 21, 30, 25, 10, 133, 311, 65, 357, 5304, 6068]",60000,0.07694385141876624,21,0.013324630976347843,29,0.02549430281621105,21,0.0,47,1,2,1,9
strict,3,"[20, 26, 3, 4, 15, 22, 21, 28, 2, 8, 24, 84, 176, 131, 262, 5658, 3574]",60000,0.09872793205268028,22,0.00744840025415425,37,0.08009429589800633,26,0.01179801793298177,73,1,3,1,10
strict,4,"[2, 27, 21, 12, 15, 20, 9, 19, 3, 23, 11, 140, 344, 123, 301, 5314, 5329]",60000,0.026276703649624464,10,0.009520484130076414,37,0.01637605535039607,23,0.020597254514627687,58,1,5,3,8
strict,5,"[7, 26, 23, 3, 25, 17, 24, 20, 16, 2, 18, 280, 308, 365, 211, 5574, 5661]",60000,0.10746686331171437,16,0.00744840025415425,48,0.04753277699055772,29,0.0,46,0,4,3,6
strict,6,"[22, 10, 29, 4, 24, 6, 3, 7, 12, 27, 8, 256, 307, 160, 58, 5542, 2228]",60000,0.077917334583339,13,0.11128282559137159,24,0.05834621180708475,20,0.01223304903911688,59,2,0,3,7
strict,7,"[15, 13, 21, 24, 3, 30, 11, 6, 26, 16, 29, 225, 66, 137, 211, 6383, 6544]",60000,0.026276703649624464,18,0.07007978222597702,27,0.05635658962176825,25,0.01179801793298177,111,2,2,1,14
strict,8,"[22, 21, 10, 24, 8, 26, 6, 17, 14, 29, 15, 314, 160, 112, 144, 6827, 3734]",60000,0.09872793205269216,17,0.00744840025415425,32,0.08289846612810119,21,0.01179801793298177,59,1,3,2,11
strict,9,"[14, 21, 8, 27, 26, 29, 15, 7, 17, 25, 12, 51, 46, 307, 338, 2573, 6253]",60000,0.27171727754196523,12,0.001895623066924506,28,0.05201219632173588,29,0.0,46,0,3,4,5
strict,10,"[15, 11, 26, 19, 12, 14, 13, 9, 29, 16, 20, 225, 356, 104, 350, 3257, 2939]",60000,0.018283660283035706,7,0.00744840025415425,36,0.014315866473204833,41,0.0,136,2,6,6,19
strict,11,"[14, 28, 24, 4, 16, 29, 2, 12, 27, 10, 17, 300, 335, 230, 102, 1304, 5131]",60000,0.09872793205268028,10,0.038301811051948104,32,0.06565729359784715,19,1.362236840030867e-14,58,1,3,2,10
strict,12,"[20, 14, 8, 22, 16, 5, 23, 9, 11, 3, 17, 398, 139, 213, 304, 3690, 3267]",60000,0.04525238438219485,20,0.01359649122807642,40,0.0853987063886831,33,0.0013334160153674391,45,3,2,1,6
strict,13,"[20, 5, 23, 28, 6, 18, 30, 27, 22, 3, 19, 285, 182, 39, 107, 2213, 4816]",60000,0.026276703649624464,18,0.11128282559137159,33,0.07173797337068108,24,0.022722108611678175,43,1,0,4,9
strict,14,"[4, 29, 22, 25, 21, 17, 16, 2, 7, 8, 28, 152, 145, 362, 52, 6823, 6182]",60000,0.0174273764245609,28,0.04180537922602942,42,0.06527221717355866,28,0.0,63,2,2,2,8
strict,15,"[27, 16, 29, 24, 14, 23, 11, 12, 2, 15, 13, 353, 83, 117, 72, 6879, 1125]",60000,0.22703453839823157,13,0.012858957006049585,26,0.036767800294581036,27,0.0026069274752674333,109,0,3,2,13
strict,16,"[11, 22, 23, 8, 7, 28, 27, 5, 4, 26, 19, 359, 238, 326, 335, 3011, 1482]",60000,0.03241253218009293,25,0.001895623066924506,29,0.013821354478860555,21,1.362236840030867e-14,43,1,5,2,8
strict,17,"[15, 9, 23, 27, 30, 12, 19, 16, 17, 8, 4, 68, 65, 363, 369, 2115, 3956]",60000,0.016330732053219384,16,0.014650858741280413,29,0.04513718689436684,31,0.015665448988045533,47,1,4,3,7
strict,18,"[10, 20, 14, 2, 27, 23, 9, 3, 19, 22, 5, 364, 234, 173, 298, 5605, 3351]",60000,0.050339526979409716,18,0.00744840025415425,42,0.013821354478860555,24,0.01223304903911688,143,1,5,4,16
strict,19,"[6, 24, 2, 15, 11, 17, 13, 3, 12, 28, 23, 76, 58, 222, 254, 6105, 4454]",60000,0.09872793205269216,13,0.009336688709207824,71,0.025331659736032783,38,0.004036164029704648,115,1,9,4,17
strict,20,"[14, 17, 7, 2, 29, 23, 28, 8, 4, 15, 25, 76, 312, 358, 298, 2294, 4423]",60000,0.0174273764245609,18,0.08468235061287847,38,0.05119415168954089,21,0.0,39,1,1,1,6
strict,21,"[9, 21, 28, 4, 30, 18, 7, 15, 2, 23, 25, 310, 187, 84, 396, 6184, 3632]",60000,0.026276703649624464,15,0.030984618576312767,35,0.0016128772116523271,29,0.0,46,2,3,2,7
strict,22,"[11, 3, 24, 17, 13, 12, 2, 26, 20, 22, 25, 388, 141, 83, 306, 1223, 6708]",60000,0.04344534776133098,18,0.012184145709914145,37,0.025331659736032783,30,0.0,118,2,2,2,17
strict,23,"[3, 14, 24, 18, 29, 30, 26, 2, 22, 25, 15, 400, 264, 73, 195, 5891, 5289]",60000,0.026276703649624464,14,0.00744840025415425,37,0.08676395630385098,27,0.0,41,3,3,1,8
strict,24,"[21, 16, 19, 18, 8, 4, 29, 20, 13, 22, 3, 105, 86, 147, 348, 4348, 2341]",60000,0.2404319506585195,16,0.0142843864443331,41,0.09475952798875849,28,0.014607069821788249,117,0,3,1,18
strict,25,"[6, 8, 23, 10, 14, 17, 12, 4, 13, 21, 29, 114, 338, 272, 168, 5431, 1702]",60000,0.021268394337242022,12,0.03414868105515438,31,0.05119415168954089,29,0.010890478091994697,128,3,2,4,23
strict,26,"[23, 10, 17, 29, 6, 25, 5, 8, 26, 7, 22, 53, 369, 32, 59, 2943, 3881]",60000,0.12977663594957414,14,0.006411208436130796,40,0.08289846612810119,31,0.0,47,0,8,2,8
strict,27,"[5, 11, 8, 23, 4, 25, 18, 15, 21, 24, 20, 224, 237, 77, 133, 2515, 6871]",60000,0.019278316353994036,20,0.10469277911004306,32,0.0853987063886831,23,0.0,44,2,0,1,6
strict,28,"[28, 13, 24, 8, 30, 18, 23, 3, 9, 5, 11, 315, 193, 177, 196, 3382, 1354]",60000,0.09872793205268028,14,0.03414868105515438,31,0.0016128772116523271,25,0.0062601727807722295,140,1,2,3,18
strict,29,"[10, 15, 12, 28, 24, 4, 22, 19, 20, 30, 23, 172, 48, 196, 56, 2145, 4507]",60000,0.09872793205268028,17,0.050307481178821334,35,0.049958544110512905,31,0.012680702767613107,139,1,5,1,13
strict,30,"[17, 30, 22, 27, 20, 12, 7, 21, 14, 18, 2, 256, 68, 330, 128, 6690, 5391]",60000,0.15108667458110514,12,0.001895623066924506,34,0.016078143683914588,28,0.022722108611678175,48,0,5,3,6
strict,31,"[14, 25, 11, 8, 18, 17, 23, 21, 24, 15, 20, 262, 397, 334, 96, 4206, 4101]",60000,0.022776537741169018,15,0.10469277911004306,22,0.025331659736032783,30,0.0,39,3,0,3,6
strict,32,"[25, 14, 7, 4, 10, 12, 6, 26, 22, 20, 23, 395, 299, 159, 85, 1822, 6098]",60000,0.017977292533444926,15,0.013324630976364028,28,0.0717379733706972,27,0.0,45,2,4,2,6
strict,33,"[7, 6, 13, 23, 15, 29, 18, 5, 22, 25, 24, 229, 388, 208, 373, 4554, 5514]",60000,0.011378539112288042,12,0.013324630976347843,37,0.10962003393717414,28,0.0,113,2,2,0,20
strict,34,"[2, 26, 11, 4, 14, 25, 29, 21, 18, 16, 30, 83, 62, 323, 151, 2255, 2896]",60000,0.026276703649624464,14,0.0032061908889280863,43,0.022975489286595496,38,0.0,48,2,3,1,5
strict,35,"[24, 4, 30, 2, 25, 3, 21, 26, 20, 18, 27, 324, 386, 193, 109, 6052, 3812]",60000,0.07694385141876624,17,0.00744840025415425,28,0.03181462976571454,27,0.0,62,1,1,3,10
strict,36,"[9, 11, 21, 24, 29, 12, 26, 28, 14, 25, 7, 47, 303, 345, 233, 1820, 4581]",60000,0.0174273764245609,19,0.00744840025415425,37,0.06534358770269659,21,0.0,47,4,6,2,6
strict,37,"[15, 14, 9, 16, 26, 22, 4, 28, 2, 18, 7, 237, 167, 335, 332, 3789, 3096]",60000,0.006899507529025193,18,0.010775698872093413,38,0.00776431587938293,32,0.007603092298296675,175,1,5,4,10
strict,38,"[16, 7, 4, 2, 19, 22, 10, 12, 30, 27, 11, 321, 144, 299, 275, 4222, 1904]",60000,0.026276703649624464,16,0.09594364912111573,39,0.013821354478844437,29,0.022722108611678175,71,1,2,3,10
strict,39,"[13, 3, 26, 2, 28, 9, 18, 21, 10, 20, 16, 175, 255, 125, 297, 6575, 1216]",60000,0.041489825581742634,14,0.00744840025415425,38,0.06364661612157044,21,0.006014675808968427,155,1,2,2,17
strict,40,"[23, 25, 12, 30, 16, 14, 21, 19, 20, 3, 9, 351, 278, 356, 308, 2534, 4927]",60000,0.06176299812627498,19,0.058554406474819576,36,0.0947595279887746,29,0.0,53,3,2,1,8
strict,41,"[29, 25, 10, 11, 20, 7, 17, 19, 27, 14, 23, 269, 333, 313, 300, 4413, 4561]",60000,0.050339526979409716,16,0.001895623066924506,31,0.013821354478860555,31,0.0,52,3,5,4,10
strict,42,"[3, 6, 12, 23, 5, 21, 14, 28, 26, 19, 9, 147, 219, 166, 117, 6141, 4632]",60000,0.030679487929990104,21,0.00744840025415425,38,0.0717379733706972,23,0.004304538030218842,113,5,4,2,17
strict,43,"[9, 29, 12, 5, 17, 11, 4, 22, 3, 19, 27, 140, 384, 389, 148, 2576, 5142]",60000,0.026276703649624464,20,0.036402789386282206,33,0.06486296394332816,29,0.01223304903911688,66,1,4,3,5
strict,44,"[27, 15, 20, 22, 29, 23, 5, 3, 2, 6, 9, 322, 36, 214, 318, 5001, 5275]",60000,0.11772737799729219,15,0.00609522044201157,41,0.0016128772116523271,34,0.022722108611678175,42,0,3,3,8
strict,45,"[21, 3, 8, 4, 18, 12, 26, 6, 25, 19, 30, 169, 191, 307, 265, 3101, 1859]",60000,0.00739454991818031,18,0.00744840025415425,28,0.0016128772116523271,23,0.0,174,3,4,2,14
strict,46,"[16, 11, 5, 3, 27, 8, 24, 10, 23, 4, 6, 147, 107, 118, 80, 5338, 2151]",60000,0.026276703649624464,13,0.07174734788439724,24,0.04753277699055772,24,0.01223304903911688,52,1,1,1,8
strict,47,"[13, 25, 22, 10, 26, 4, 7, 28, 27, 18, 15, 159, 250, 43, 251, 6673, 2579]",60000,0.006640680381718341,16,0.001895623066924506,27,0.0853987063886831,28,0.0,123,2,6,2,13
strict,48,"[29, 10, 17, 11, 24, 30, 26, 14, 5, 21, 19, 299, 162, 124, 192, 5147, 5291]",60000,0.00413566384921198,22,0.0032061908889280863,31,0.009175599120505943,30,0.01179801793298177,41,4,4,5,9
strict,49,"[12, 17, 28, 16, 6, 15, 10, 27, 22, 20, 26, 294, 177, 219, 58, 6241, 5788]",60000,0.09872793205269216,18,0.00744840025415425,34,0.06486296394332816,29,0.01179801793298177,52,1,5,4,8
strict,50,"[21, 12, 17, 26, 4, 10, 19, 30, 6, 11, 23, 117, 168, 224, 317, 6891, 2514]",60000,0.08308055110117708,15,0.028961073565394325,37,0.0717379733706972,35,0.01179801793298177,117,2,3,2,13
strict,51,"[28, 22, 12, 9, 13, 30, 19, 21, 2, 26, 16, 149, 358, 300, 202, 6124, 4928]",60000,0.018283660283035706,18,0.00744840025415425,39,0.0947595279887746,22,0.0,136,3,3,1,19
strict,52,"[20, 15, 9, 6, 25, 28, 13, 10, 8, 27, 11, 378, 317, 276, 370, 4318, 6395]",60000,0.0007574251891956655,22,0.07918159921939337,34,0.1552202307028835,23,0.0,118,1,2,0,24
strict,53,"[26, 3, 10, 22, 11, 23, 12, 2, 7, 18, 24, 92, 198, 397, 57, 6149, 2235]",60000,0.02985476475870875,12,0.04736795117466948,38,0.048789535652664195,22,0.01179801793298177,51,2,4,2,5
strict,54,"[4, 22, 18, 8, 17, 27, 24, 19, 13, 15, 7, 150, 140, 156, 41, 5708, 5375]",60000,0.026276703649624464,23,0.03414868105515438,36,0.008860351435466448,34,0.006783891238058113,150,2,3,4,17
strict,55,"[13, 29, 7, 20, 17, 12, 5, 11, 24, 27, 23, 234, 49, 264, 171, 4958, 4430]",60000,0.0994476260432434,12,0.036402789386282206,33,0.025331659736032783,43,0.007175402719479469,131,1,2,4,19
strict,56,"[12, 27, 11, 23, 9, 25, 6, 17, 28, 21, 15, 296, 42, 261, 204, 4337, 6856]",60000,0.010771193968609717,19,0.0944289547191701,36,0.04197839877909528,32,0.0,42,3,1,3,6
strict,57,"[25, 14, 13, 17, 22, 4, 27, 10, 5, 24, 12, 291, 207, 55, 145, 4708, 4419]",60000,0.06924331735387436,13,0.03414868105515438,28,0.06486296394332816,29,0.0,122,1,2,2,17
strict,58,"[30, 5, 18, 22, 29, 4, 26, 21, 8, 17, 14, 384, 262, 197, 156, 3649, 3339]",60000,0.0779173345833509,16,0.00744840025415425,39,0.08289846612810119,30,0.01179801793298177,42,1,3,1,6
strict,59,"[27, 19, 4, 12, 17, 9, 21, 2, 23, 6, 5, 212, 134, 330, 357, 3217, 5231]",60000,0.029641518340190614,16,0.009936896770871423,34,0.010103684448261109,26,0.022722108611678175,57,2,2,6,7
strict,60,"[13, 22, 10, 18, 14, 19, 6, 25, 7, 28, 2, 150, 249, 303, 190, 1160, 1706]",60000,0.026276703649624464,15,0.013324630976347843,51,0.013821354478860555,43,0.0,127,1,7,5,15
strict,61,"[17, 15, 9, 13, 19, 22, 26, 29, 12, 28, 24, 195, 131, 69, 124, 2910, 3642]",60000,0.018283660283035706,18,0.00744840025415425,40,0.0016128772116362111,35,0.008919637208728393,119,3,4,5,14
strict,62,"[19, 5, 30, 29, 15, 23, 4, 6, 7, 12, 3, 131, 156, 240, 140, 6555, 6524]",60000,0.01665302884120696,17,0.025979338471134712,27,0.05722933278606556,24,0.01223304903911688,72,4,3,3,9
strict,63,"[14, 5, 9, 19, 28, 26, 21, 12, 13, 11, 25, 358, 274, 197, 75, 1310, 1536]",60000,0.018283660283035706,10,0.00744840025415425,34,0.012891738831646227,26,0.0,110,3,2,2,16
strict,64,"[15, 24, 16, 4, 22, 26, 2, 18, 5, 19, 13, 115, 351, 260, 316, 4735, 4345]",60000,0.014323488322556265,18,0.00744840025415425,40,0.02639843648364692,28,0.008736506950381456,120,4,8,2,14
strict,65,"[24, 10, 2, 23, 28, 8, 12, 9, 30, 21, 26, 275, 101, 143, 159, 1683, 2214]",60000,0.004135663849200093,14,0.00744840025415425,36,0.032044522714636495,21,0.01179801793298177,69,2,3,2,10
strict,66,"[11, 29, 28, 6, 15, 10, 26, 17, 13, 2, 4, 394, 98, 144, 38, 3034, 4079]",60000,0.018283660283035706,15,0.04736795117466948,44,0.08289846612810119,30,0.0062601727807722295,109,1,6,3,15
strict,67,"[3, 9, 24, 7, 28, 10, 19, 27, 29, 25, 17, 139, 306, 57, 169, 3563, 4955]",60000,0.0017969075498303,15,0.001895623066924506,35,0.0947595279887746,26,0.0,48,4,5,2,9
strict,68,"[24, 23, 17, 2, 21, 26, 14, 16, 12, 5, 10, 178, 365, 69, 68, 3325, 6946]",60000,0.026276703649624464,16,0.00744840025415425,41,0.15693081845226609,24,0.01179801793298177,77,1,2,0,13
strict,69,"[28, 16, 10, 22, 30, 27, 3, 14, 8, 18, 25, 134, 372, 49, 383, 1953, 3015]",60000,0.006899507529025193,21,0.058168065276421765,28,0.0016128772116523271,26,0.0,44,3,2,3,5
strict,70,"[22, 19, 10, 28, 27, 12, 7, 8, 16, 29, 17, 100, 72, 103, 83, 1828, 4559]",60000,0.1725139502923848,20,0.001895623066924506,32,0.047695083259013615,29,0.01223304903911688,55,0,6,5,8
strict,71,"[16, 3, 19, 14, 4, 13, 18, 2, 15, 29, 27, 330, 59, 229, 146, 6362, 4507]",60000,0.050339526979409716,20,0.00226474245497635,39,0.046837198016580005,30,0.004647704034202875,116,2,4,2,15
strict,72,"[12, 22, 18, 10, 19, 27, 30, 8, 16, 3, 7, 400, 293, 334, 104, 3630, 4641]",60000,0.0716068413703621,14,0.024587650334532356,30,0.0016128772116523271,27,0.022722108611678175,31,2,2,6,4
strict,73,"[21, 9, 3, 4, 19, 25, 5, 20, 28, 7, 6, 223, 206, 318, 208, 5170, 1948]",60000,0.008307219617258214,31,0.011207210445849713,26,0.032044522714636495,21,0.0,45,3,2,2,7
strict,74,"[21, 9, 23, 16, 26, 15, 25, 30, 11, 14, 7, 153, 378, 205, 337, 2174, 4019]",60000,0.026276703649624464,22,0.0032061908889442717,32,0.0023329946439906647,31,0.0,47,2,5,1,4
strict,75,"[10, 27, 8, 11, 28, 12, 6, 22, 25, 19, 16, 251, 66, 290, 152, 2672, 6375]",60000,0.06176299812627498,15,0.06051595087566868,26,0.010858408459230242,22,0.0,40,3,1,1,7
strict,76,"[19, 10, 7, 14, 29, 8, 13, 9, 6, 15, 25, 243, 65, 253, 137, 6816, 4647]",60000,0.026276703649624464,13,0.013324630976347843,42,0.013766210695947929,44,0.0,108,1,6,3,19
strict,77,"[22, 7, 16, 3, 2, 26, 21, 24, 28, 10, 15, 96, 169, 152, 124, 5833, 3784]",60000,0.026276703649624464,21,0.00744840025415425,40,0.009484559604063915,23,0.010890478091994697,145,4,8,1,11
strict,78,"[6, 24, 18, 23, 25, 20, 12, 11, 21, 27, 17, 341, 222, 211, 166, 1214, 5875]",60000,0.05797181733473402,16,0.00027482146514932755,30,0.025331659736032783,31,0.0,56,1,2,4,9
strict,79,"[22, 10, 23, 21, 13, 18, 29, 17, 27, 30, 6, 343, 142, 229, 105, 2136, 5523]",60000,0.024148122684705123,17,0.052337518631376104,38,0.06486296394332816,32,0.011219118266169123,100,2,2,2,16
strict,80,"[4, 22, 9, 5, 28, 12, 20, 25, 15, 24, 13, 118, 338, 136, 189, 1120, 3463]",60000,0.09872793205268028,12,0.10469277911004306,28,0.039355928966812746,27,0.0,129,2,0,1,18
strict,81,"[24, 13, 10, 17, 3, 29, 9, 4, 20, 7, 28, 177, 107, 154, 381, 3111, 3396]",60000,0.026276703649624464,17,0.1410251238261763,30,0.07639913864983884,27,0.003466084364485431,155,2,0,2,21
strict,82,"[8, 22, 23, 4, 20, 19, 27, 11, 3, 30, 15, 85, 347, 232, 52, 5200, 6546]",60000,0.018283660283047592,19,0.02591697393073076,37,0.09475952798875849,23,0.01223304903911688,35,3,3,1,3
strict,83,"[14, 28, 26, 6, 16, 3, 7, 23, 25, 9, 13, 112, 141, 45, 375, 4675, 3387]",60000,0.026276703649624464,13,0.008278514478062958,52,0.0016128772116523271,28,0.0,107,3,7,1,15
strict,84,"[6, 19, 18, 28, 23, 7, 22, 15, 10, 29, 12, 87, 275, 125, 272, 5133, 2458]",60000,0.026276703649624464,16,0.06051595087566868,38,0.0853987063886831,31,0.0266737796745811,49,2,4,1,5
strict,85,"[29, 18, 24, 23, 6, 20, 13, 12, 28, 2, 10, 63, 391, 185, 243, 1717, 1819]",60000,0.09872793205269216,12,0.12000075718474257,45,0.0717379733706972,29,0.008836375571211964,116,1,0,1,15
strict,86,"[8, 4, 15, 12, 20, 23, 29, 27, 19, 18, 30, 264, 351, 84, 255, 5181, 4286]",60000,0.026276703649624464,18,0.07918159921939337,29,0.0016128772116523271,29,0.014304170865809662,39,1,1,3,6
strict,87,"[12, 7, 14, 9, 24, 4, 3, 17, 2, 29, 26, 162, 95, 128, 53, 1044, 5065]",60000,0.026276703649624464,15,0.00744840025415425,32,0.08289846612810119,24,0.010151285102980925,66,1,4,1,9
strict,88,"[20, 11, 12, 22, 21, 30, 26, 19, 8, 6, 7, 101, 39, 86, 154, 2320, 1854]",60000,0.2132252903489583,17,0.00744840025415425,36,0.029403992243306726,28,0.007967492630060125,52,0,2,2,9
strict,89,"[18, 21, 17, 26, 4, 9, 25, 7, 15, 27, 14, 230, 132, 129, 104, 3608, 1049]",60000,0.017035547265327442,19,0.001895623066924506,18,0.06486296394332816,28,0.0,50,2,2,2,4
strict,90,"[20, 26, 29, 24, 7, 22, 13, 8, 10, 21, 14, 113, 387, 341, 245, 5274, 4437]",60000,0.026276703649624464,19,0.03414868105515438,31,0.036225884352177384,25,0.0062601727807722295,130,1,2,2,21
strict,91,"[28, 14, 5, 2, 10, 11, 19, 30, 6, 17, 15, 354, 186, 195, 95, 1780, 1248]",60000,0.01213584500768488,16,0.0032061908889280863,35,0.02870436360899452,28,0.01223304903911688,65,2,4,2,11
strict,92,"[4, 14, 8, 5, 25, 30, 3, 20, 11, 28, 18, 286, 174, 129, 385, 1780, 1222]",60000,0.026276703649624464,25,0.0032061908889442717,33,0.019735093072970382,34,0.0,87,4,5,2,11
strict,93,"[9, 6, 13, 4, 5, 16, 2, 17, 24, 28, 10, 363, 359, 370, 201, 6782, 5739]",60000,0.08088627348063222,13,0.04736795117466948,36,0.004281668453167794,22,0.01223304903911688,118,2,3,1,24
strict,94,"[24, 10, 19, 6, 7, 20, 14, 3, 4, 16, 26, 160, 185, 111, 351, 2520, 1922]",60000,0.026276703649624464,19,0.00744840025415425,33,0.05598988034755735,18,0.01179801793298177,67,3,4,2,9
strict,95,"[11, 18, 4, 30, 7, 10, 19, 24, 23, 9, 13, 318, 274, 391, 267, 1110, 6810]",60000,0.026276703649624464,16,0.011815363968429785,46,0.0016128772116523271,26,0.0011195199498452836,117,1,1,3,26
strict,96,"[9, 11, 20, 8, 12, 23, 5, 10, 26, 2, 28, 39, 51, 81, 212, 3308, 3910]",60000,0.1378461818375542,19,0.00744840025415425,36,0.0853987063886831,25,0.01179801793298177,55,0,4,1,7
strict,97,"[16, 17, 20, 22, 12, 24, 19, 25, 13, 10, 11, 108, 334, 311, 353, 2878, 6939]",60000,0.008478778179293961,11,0.057747796097399086,39,0.052149696510290666,29,0.0,120,3,2,2,27
strict,98,"[6, 26, 4, 27, 5, 29, 13, 19, 2, 12, 17, 351, 370, 207, 344, 4800, 5598]",60000,0.018283660283035706,14,0.04570318853628269,31,0.020531889996471347,24,0.01179801793298177,151,3,3,1,17
strict,99,"[10, 25, 9, 3, 21, 24, 29, 19, 15, 17, 11, 55, 87, 194, 315, 4090, 4187]",60000,0.011562973056920145,14,0.011207210445849713,36,0.0947595279887746,30,0.0,85,2,3,2,13
strict,100,"[24, 6, 30, 11, 19, 18, 3, 26, 29, 9, 23, 233, 300, 134, 374, 6716, 2956]",60000,0.018404480107216393,16,0.00609522044201157,29,0.0016128772116523271,32,0.01179801793298177,37,4,4,4,8
strict,101,"[9, 16, 23, 28, 13, 6, 17, 4, 14, 22, 8, 51, 214, 298, 177, 2678, 6113]",60000,0.09705658202697547,15,0.04103380501650029,33,0.0853987063886831,31,0.015767444527272047,126,1,5,1,17
strict,102,"[15, 7, 20, 11, 10, 19, 2, 29, 24, 13, 27, 52, 385, 152, 224, 6213, 2730]",60000,0.018283660283047592,15,0.04736795117466948,41,0.013821354478860555,26,0.007967492630060125,115,3,1,2,16
strict,103,"[16, 9, 13, 2, 23, 27, 30, 19, 15, 12, 11, 37, 91, 143, 47, 4157, 4561]",60000,0.09278447975005139,10,0.006762434603779607,34,0.012891738831646227,36,0.012224512536296648,118,1,8,5,14
strict,104,"[23, 14, 17, 12, 4, 30, 18, 10, 27, 28, 26, 115, 128, 40, 303, 1797, 1992]",60000,0.077917334583339,19,0.11128282559137159,27,0.06486296394332816,29,0.0071894171779075715,58,1,0,3,8
strict,105,"[19, 10, 25, 29, 22, 30, 27, 23, 13, 17, 24, 57, 163, 218, 37, 6052, 4875]",60000,0.07694385141876624,20,0.02459536957589077,40,0.05722933278606556,29,0.0,94,2,3,4,17
strict,106,"[19, 28, 7, 23, 5, 22, 27, 26, 6, 15, 16, 72, 69, 365, 230, 5468, 2640]",60000,0.021496056963119327,21,0.001895623066924506,40,0.04513718689436684,33,0.001730683908441527,48,1,7,2,11
strict,107,"[30, 23, 6, 27, 13, 19, 29, 25, 4, 15, 22, 395, 396, 355, 253, 3281, 6284]",60000,0.07694385141876624,11,0.0643316071780248,40,0.029662915675283164,38,0.0,127,1,3,4,19
strict,108,"[28, 11, 4, 25, 26, 27, 8, 22, 17, 12, 10, 237, 240, 145, 127, 4621, 4136]",60000,0.026276703649624464,14,0.06051595087566868,21,0.06290221125466637,32,0.0,61,2,2,3,8
strict,109,"[12, 19, 5, 4, 9, 10, 28, 7, 14, 18, 27, 163, 396, 281, 207, 3993, 6732]",60000,0.050339526979409716,15,0.001895623066924506,29,0.0033960582282817516,26,0.01223304903911688,63,1,1,2,9
strict,110,"[18, 24, 7, 6, 5, 26, 27, 16, 4, 28, 22, 264, 219, 65, 273, 1380, 6747]",60000,0.09872793205269216,18,0.001895623066924506,30,0.06585594269666269,11,0.01179801793298177,36,1,6,3,7
strict,111,"[5, 20, 23, 30, 14, 16, 3, 9, 12, 29, 6, 70, 167, 386, 223, 3060, 1409]",60000,0.026276703649624464,12,0.00609522044201157,30,0.04024466671244081,29,0.01223304903911688,154,1,3,2,14
strict,112,"[9, 5, 4, 24, 8, 25, 22, 26, 18, 10, 17, 237, 123, 58, 46, 2206, 3491]",60000,0.034954371731971176,16,0.00744840025415425,28,0.09648800730917415,26,0.0,49,3,2,1,11
strict,113,"[9, 17, 6, 12, 21, 7, 5, 29, 23, 18, 22, 266, 304, 349, 41, 3115, 4796]",60000,0.005420515846530577,16,0.00609522044201157,40,0.00660630511151087,23,0.0266737796745811,43,2,2,5,5
strict,114,"[25, 23, 27, 29, 15, 12, 21, 4, 18, 13, 5, 376, 275, 72, 380, 1432, 1916]",60000,0.1306882659707611,11,0.07201453382748685,38,0.04513718689436684,23,0.0,114,0,1,2,17
strict,115,"[13, 30, 10, 20, 24, 29, 19, 3, 28, 18, 7, 99, 64, 338, 85, 3068, 1810]",60000,0.02985476475870875,18,0.050307481178805145,33,0.0016128772116523271,28,0.01179801793298177,103,3,1,4,18
strict,116,"[17, 10, 16, 26, 5, 28, 13, 19, 3, 15, 22, 96, 150, 398, 54, 4825, 6214]",60000,0.018283660283035706,12,0.025432486132025936,43,0.012787812178150093,33,0.0015414495791853274,125,2,3,6,16
strict,117,"[12, 3, 26, 20, 5, 14, 6, 23, 22, 8, 9, 36, 43, 295, 293, 1395, 5035]",60000,0.03575966503600647,17,0.00744840025415425,31,0.0016128772116523271,25,0.01179801793298177,50,2,3,2,6
strict,118,"[21, 18, 24, 22, 2, 15, 8, 4, 12, 16, 3, 93, 236, 110, 201, 2519, 2948]",60000,0.006899507529037078,13,0.050604853377379626,27,0.009842181189930353,22,0.012781186094071528,58,2,2,1,5
strict,119,"[12, 21, 7, 26, 18, 30, 22, 11, 19, 25, 29, 254, 245, 305, 327, 1957, 6013]",60000,0.06176299812627498,13,0.036402789386282206,35,0.0016128772116523271,30,0.0,47,2,3,7,9
strict,120,"[30, 10, 2, 15, 26, 16, 6, 22, 18, 12, 21, 340, 375, 228, 308, 5667, 3372]",60000,0.07694385141876624,15,0.00744840025415425,48,0.0853987063886831,32,0.01179801793298177,39,2,4,2,5
strict,121,"[21, 13, 28, 18, 3, 12, 2, 26, 8, 30, 19, 159, 311, 45, 380, 2086, 3603]",60000,0.012956029115112459,16,0.00744840025415425,31,0.0016128772116523271,21,0.010849624208460204,135,2,5,3,19
strict,122,"[6, 18, 28, 12, 10, 20, 9, 4, 7, 5, 2, 105, 180, 166, 258, 6601, 3306]",60000,0.09872793205269216,18,0.010775698872093413,34,0.11417436925206063,18,0.002651209503972525,102,1,2,0,11
strict,123,"[21, 6, 22, 15, 27, 19, 18, 17, 30, 16, 2, 159, 103, 190, 80, 1018, 4943]",60000,0.026276703649624464,15,0.04180537922602942,39,0.0016128772116523271,28,0.022722108611678175,64,2,2,4,6
strict,124,"[2, 3, 16, 4, 17, 28, 23, 15, 13, 20, 25, 74, 274, 91, 218, 4441, 5669]",60000,0.026276703649624464,15,0.02459536957589077,41,0.04197839877909528,27,0.0,109,1,2,1,14
strict,125,"[25, 16, 14, 12, 22, 18, 23, 6, 9, 7, 28, 334, 38, 59, 83, 4457, 4169]",60000,0.06886560139506284,14,0.013324630976364028,26,0.0007310455549247989,36,0.0,52,2,2,7,6
strict,126,"[23, 17, 20, 22, 15, 6, 30, 12, 25, 5, 14, 296, 206, 315, 174, 4693, 2207]",60000,0.07694385141876624,16,0.013324630976364028,40,0.022681572002993665,32,0.0,61,1,3,4,10
strict,127,"[15, 23, 2, 25, 5, 24, 20, 7, 13, 27, 28, 330, 232, 349, 67, 1682, 6810]",60000,0.09872793205269216,18,0.001895623066924506,51,0.04513718689436684,32,0.0,124,1,7,2,18
strict,128,"[18, 9, 5, 16, 20, 14, 17, 15, 7, 8, 6, 64, 155, 50, 249, 6108, 4304]",60000,0.026276703649624464,20,0.05682676889366195,31,0.0016128772116523271,24,0.01223304903911688,53,3,2,2,3
strict,129,"[4, 9, 22, 26, 19, 17, 7, 11, 10, 30, 2, 196, 74, 66, 99, 3518, 2073]",60000,0.11953419533527693,12,0.06676082468958433,40,0.013821354478860555,28,0.01179801793298177,44,0,2,5,6
strict,130,"[21, 11, 7, 3, 4, 15, 24, 2, 27, 5, 16, 387, 52, 311, 191, 5173, 5483]",60000,0.028452245850817282,17,0.0430117414490621,36,0.17186519497247577,28,0.01223304903911688,46,1,2,0,5
strict,131,"[21, 17, 8, 18, 9, 4, 23, 16, 5, 12, 7, 335, 142, 249, 194, 1942, 3309]",60000,0.026276703649624464,15,0.04180537922602942,33,0.09467829960374607,23,0.0038390468157149323,53,2,3,1,6
strict,132,"[18, 9, 29, 20, 8, 17, 22, 7, 15, 2, 23, 338, 91, 273, 335, 5606, 6806]",60000,0.006899507529025193,14,0.00609522044201157,50,0.07169972331824356,24,0.00466246802563651,29,1,5,1,7
strict,133,"[2, 7, 19, 12, 20, 16, 24, 10, 26, 21, 4, 54, 48, 371, 57, 6305, 4081]",60000,0.02131708383822952,17,0.00744840025415425,42,0.12760688724321192,18,1.9603044232182958e-05,47,3,7,0,6
strict,134,"[19, 15, 20, 2, 22, 6, 14, 11, 21, 5, 16, 93, 61, 264, 359, 6775, 3079]",60000,0.08280125496675612,14,0.0016816945923556659,48,0.009842181189930353,20,0.04182933630786674,42,2,5,3,4
strict,135,"[7, 18, 6, 28, 5, 24, 8, 3, 21, 25, 12, 142, 300, 77, 64, 3547, 3282]",60000,0.026276703649624464,18,0.013324630976347843,19,0.0027565913440049422,20,0.0,55,2,1,2,6
strict,136,"[22, 23, 18, 12, 5, 20, 7, 28, 4, 10, 19, 121, 142, 67, 130, 4526, 5983]",60000,0.026276703649624464,18,0.06051595087566868,25,0.06925283292793241,30,0.01223304903911688,56,2,3,2,8
strict,137,"[20, 4, 16, 15, 17, 18, 27, 23, 6, 25, 2, 65, 34, 87, 117, 5337, 3989]",60000,0.016330732053219384,19,0.006678705298416153,48,0.04513718689436684,36,0.0,34,2,3,3,7
strict,138,"[3, 17, 29, 2, 5, 12, 16, 27, 6, 19, 13, 108, 388, 159, 205, 3529, 6364]",60000,0.002418961390176253,18,0.0603451829731238,42,0.06486296394332816,24,0.009487065966737438,132,3,3,2,16
strict,139,"[5, 3, 10, 29, 11, 20, 26, 21, 14, 25, 28, 53, 67, 277, 91, 1702, 5571]",60000,0.0174273764245609,19,0.03414868105515438,33,0.0789536123779465,29,0.0,36,1,3,1,8
strict,140,"[10, 12, 21, 9, 4, 29, 26, 19, 17, 6, 5, 36, 175, 102, 138, 6930, 3595]",60000,0.04237081673019877,13,0.00744840025415425,33,0.0717379733706972,27,0.002689863661842956,86,1,4,4,10
strict,141,"[11, 6, 18, 16, 9, 20, 15, 22, 30, 3, 17, 176, 298, 253, 357, 3990, 2705]",60000,0.1496611073613225,13,0.07918159921939337,27,0.011470033585414966,30,0.006014675808968427,55,0,1,1,6
strict,142,"[10, 28, 8, 6, 21, 3, 7, 13, 25, 2, 19, 232, 321, 249, 364, 2449, 1265]",60000,0.008218306063970827,26,0.057361598518905835,44,0.028322002573320626,26,0.0,119,3,3,6,15
strict,143,"[21, 30, 24, 15, 18, 12, 22, 14, 13, 28, 2, 264, 171, 398, 245, 6543, 2552]",60000,0.09872793205269216,11,0.03414868105515438,37,0.07169972331825969,32,0.002672269994910633,239,1,2,3,25
strict,144,"[5, 28, 21, 14, 4, 6, 20, 27, 24, 9, 3, 333, 33, 62, 98, 2306, 5557]",60000,0.09872793205268028,15,0.009229863541846017,27,0.1936638765927733,21,0.012781186094071528,38,1,3,0,7
strict,145,"[20, 22, 19, 27, 21, 14, 6, 30, 10, 9, 15, 180, 109, 84, 199, 5172, 2869]",60000,0.050339526979409716,13,0.06659533090790674,32,0.0016128772116523271,26,0.0069715560513179346,74,1,1,4,10
strict,146,"[22, 7, 8, 15, 2, 27, 17, 10, 19, 29, 3, 347, 237, 284, 388, 6983, 1982]",60000,0.0835737259630431,18,0.008922926603619612,52,0.02020512172644265,29,0.0034109882054393016,45,1,6,4,7
strict,147,"[10, 20, 16, 13, 30, 2, 22, 3, 9, 21, 28, 34, 59, 374, 144, 4557, 5513]",60000,0.04702644105954472,15,0.033839453667935726,46,0.0007310455549247989,36,0.02132475968636985,101,2,3,3,11
strict,148,"[29, 4, 3, 6, 13, 28, 17, 7, 10, 11, 24, 249, 352, 150, 276, 1459, 5667]",60000,0.026276703649624464,22,0.08809476144923033,35,0.025331659736032783,27,0.0,120,2,1,3,22
strict,149,"[13, 4, 18, 30, 11, 26, 3, 23, 27, 5, 6, 283, 64, 31, 216, 6779, 1599]",60000,0.03073131909267658,15,0.00744840025415425,33,0.0027565913440049422,21,0.00019183768997338527,109,1,3,1,14
strict,150,"[11, 4, 23, 28, 9, 12, 29, 10, 16, 24, 27, 179, 126, 232, 321, 5512, 3695]",60000,0.026276703649624464,15,0.00609522044201157,25,0.06190735241382024,28,0.01223304903911688,73,3,3,1,9
strict,151,"[18, 12, 27, 13, 15, 2, 5, 28, 29, 17, 21, 200, 355, 370, 279, 6789, 5418]",60000,0.13011069635404687,17,0.004591092849132841,51,0.0016128772116523271,20,0.0041452495440276165,137,0,4,3,22
strict,152,"[23, 27, 7, 30, 24, 29, 5, 14, 22, 6, 17, 67, 207, 233, 151, 5544, 1917]",60000,0.026276703649624464,17,0.001895623066924506,38,0.10962003393717414,32,0.012781186094071528,30,3,4,0,6
strict,153,"[29, 16, 11, 23, 5, 14, 20, 28, 10, 9, 21, 270, 253, 174, 373, 4828, 2507]",60000,0.23531803427376893,6,0.00609522044201157,38,0.0180708079428643,33,0.0266737796745811,55,0,2,1,6
strict,154,"[15, 22, 18, 9, 23, 4, 8, 21, 30, 7, 24, 359, 88, 159, 379, 1761, 4808]",60000,0.026276703649624464,22,0.0643316071780248,23,0.12740831433259328,22,0.012781186094071528,47,1,1,0,8
strict,155,"[15, 11, 22, 30, 3, 20, 18, 19, 17, 27, 26, 311, 177, 138, 68, 5975, 1215]",60000,0.04931407095539836,16,0.00744840025415425,25,0.0016128772116523271,37,0.01179801793298177,44,1,3,4,7
strict,156,"[4, 14, 16, 29, 11, 23, 19, 25, 13, 22, 12, 377, 268, 185, 243, 1096, 3041]",60000,0.026276703649624464,21,0.036402789386282206,52,0.013821354478860555,39,0.0,116,3,7,1,17
strict,157,"[12, 20, 18, 2, 17, 25, 15, 6, 14, 8, 13, 133, 380, 152, 310, 2942, 1460]",60000,0.026276703649624464,16,0.013324630976364028,46,0.0016128772116523271,23,0.0,137,1,5,1,24
strict,158,"[15, 17, 9, 23, 27, 5, 10, 3, 13, 24, 21, 364, 126, 375, 72, 3302, 2317]",60000,0.10138511008913918,11,0.08448395362259942,30,0.04513718689436684,30,0.0,103,0,1,5,15
strict,159,"[3, 23, 10, 15, 22, 25, 19, 13, 29, 24, 12, 320, 348, 371, 62, 2208, 5668]",60000,0.06176299812627498,18,0.050307481178821334,44,0.04753277699055772,31,0.0,124,2,4,2,24
strict,160,"[26, 23, 14, 4, 17, 13, 22, 20, 11, 30, 2, 359, 375, 249, 277, 3509, 1618]",60000,0.06279597225263371,11,0.0032061908889280863,59,0.06364661612157044,33,0.0022147903700806045,118,1,5,1,19
strict,161,"[30, 10, 28, 5, 9, 20, 4, 26, 21, 24, 2, 133, 397, 56, 188, 3736, 1398]",60000,0.026276703649624464,22,0.00744840025415425,30,0.03035666439666167,18,0.01179801793298177,47,3,2,2,8
strict,162,"[16, 12, 8, 3, 30, 24, 6, 25, 21, 5, 13, 180, 197, 101, 79, 1060, 6600]",60000,0.07694385141876624,17,0.10469277911004306,21,0.18594170140112973,13,0.0,131,3,0,0,21
strict,163,"[22, 13, 15, 5, 21, 16, 14, 9, 11, 26, 25, 376, 314, 142, 159, 5543, 3612]",60000,0.026276703649624464,9,0.05703762049900634,36,0.03706072801731982,31,0.0,116,1,2,2,22
strict,164,"[21, 22, 27, 12, 18, 19, 4, 30, 11, 14, 29, 180, 60, 174, 326, 3018, 6286]",60000,0.050339526979409716,13,0.0032061908889280863,28,0.0016128772116523271,31,0.006947532767791872,104,1,2,3,15
strict,165,"[28, 30, 21, 29, 12, 25, 5, 11, 7, 27, 26, 106, 193, 384, 75, 5043, 4352]",60000,0.0174273764245609,23,0.001895623066924506,31,0.03181462976571454,14,0.0,78,4,6,2,7
strict,166,"[8, 6, 15, 4, 14, 5, 10, 24, 21, 18, 11, 189, 211, 386, 285, 4897, 2468]",60000,0.054781867423019215,22,0.0023885453041115113,34,0.06739808638995153,22,0.012781186094071528,68,2,3,2,7
strict,167,"[11, 22, 7, 27, 24, 2, 20, 18, 23, 28, 8, 220, 271, 322, 87, 6272, 1208]",60000,0.08417282420911704,14,0.001895623066924506,42,0.07853008982724459,21,0.012781186094071528,41,2,5,2,8
strict,168,"[3, 7, 17, 21, 2, 24, 4, 8, 5, 16, 15, 37, 124, 119, 134, 2940, 5221]",60000,0.01213584500770865,16,0.021845623938419354,36,0.02549430281621105,27,0.012781186094071528,45,4,7,2,5
strict,169,"[6, 17, 2, 26, 16, 10, 4, 29, 20, 24, 7, 186, 93, 198, 295, 6924, 1833]",60000,0.13769579253325334,17,0.04736795117466948,37,0.009842181189930353,33,0.01179801793298177,57,0,3,4,9
strict,170,"[30, 26, 7, 15, 27, 22, 2, 8, 21, 11, 10, 386, 249, 395, 294, 2342, 2351]",60000,0.026276703649624464,16,0.06676082468958433,45,0.04244521168400206,23,0.01179801793298177,38,3,2,1,8
strict,171,"[18, 8, 2, 9, 29, 6, 28, 20, 21, 11, 17, 250, 117, 144, 135, 2120, 4360]",60000,0.026276703649624464,16,0.04736795117466948,41,0.05365471634542346,27,0.008619259093613739,48,2,1,1,6
strict,172,"[18, 3, 12, 17, 8, 30, 5, 7, 26, 13, 27, 300, 321, 257, 186, 6330, 6362]",60000,0.1378461818375542,13,0.00744840025415425,30,0.028322002573320626,26,0.0,121,0,2,3,25
strict,173,"[19, 15, 26, 24, 29, 17, 27, 4, 8, 25, 6, 107, 380, 332, 295, 4252, 6643]",60000,0.09134591712136447,19,0.00744840025415425,40,0.05114478859024863,30,0.0,42,2,5,3,7
strict,174,"[24, 14, 13, 16, 15, 25, 5, 12, 30, 19, 23, 353, 305, 78, 161, 1988, 6446]",60000,0.026276703649624464,15,0.0643316071780248,35,0.04680788945851568,29,0.0,103,5,2,2,20
strict,175,"[19, 2, 6, 13, 11, 3, 24, 22, 28, 25, 26, 227, 228, 115, 181, 3217, 5417]",60000,0.018283660283035706,21,0.04736795117466948,37,0.04125233569430927,28,0.0,127,3,5,3,16
strict,176,"[6, 24, 26, 27, 7, 30, 9, 29, 17, 25, 8, 183, 94, 248, 273, 5262, 5467]",60000,0.07694385141876624,13,0.013324630976347843,30,0.03706072801731982,28,0.0,40,1,2,4,8
strict,177,"[16, 27, 28, 9, 14, 29, 10, 22, 5, 18, 2, 298, 380, 280, 306, 4090, 3805]",60000,0.1378461818375542,15,0.015397878110325985,42,0.08327539708613628,25,0.022722108611678175,39,0,3,2,4
strict,178,"[18, 25, 12, 4, 23, 24, 28, 13, 21, 7, 17, 172, 295, 297, 304, 2970, 4958]",60000,0.05235917475879034,12,0.013324630976364028,35,0.06421884571316333,29,0.0,228,2,3,2,28
strict,179,"[20, 24, 11, 29, 9, 21, 16, 6, 4, 18, 19, 103, 47, 357, 153, 1396, 6330]",60000,0.026276703649624464,22,0.05584501366422454,31,0.061023131008075666,25,0.012781186094071528,57,3,1,2,7
strict,180,"[23, 6, 4, 26, 17, 7, 22, 15, 30, 14, 21, 136, 355, 48, 346, 2288, 1582]",60000,0.056245338227817944,26,0.015704851608722564,34,0.012891738831630114,40,0.01179801793298177,40,4,5,3,5
strict,181,"[6, 2, 29, 16, 22, 12, 25, 3, 5, 11, 13, 51, 302, 232, 138, 4477, 2966]",60000,0.04005371856764425,16,0.036402789386282206,43,0.022975489286595496,29,0.0,121,2,6,1,17
strict,182,"[26, 5, 21, 16, 6, 24, 8, 4, 28, 11, 22, 144, 105, 257, 355, 2452, 1156]",60000,0.02551082661568306,20,0.00744840025415425,36,0.11681839233007166,22,0.01179801793298177,41,2,3,0,9
strict,183,"[19, 14, 3, 8, 26, 16, 11, 10, 28, 5, 2, 215, 152, 261, 338, 1486, 1469]",60000,0.1224373234377974,12,0.012458101276821834,50,0.032794728108564306,37,0.01179801793298177,55,0,5,4,7
strict,184,"[22, 21, 12, 29, 19, 26, 2, 25, 28, 16, 6, 229, 150, 324, 367, 5038, 2535]",60000,0.01493408865494102,19,0.00744840025415425,48,0.09121716674820787,35,0.0,75,5,4,1,11
strict,185,"[19, 11, 16, 27, 4, 13, 10, 28, 5, 6, 26, 168, 376, 55, 375, 5543, 1862]",60000,0.018283660283035706,17,0.04880903260155678,23,0.12760688724321192,25,0.008724315976425158,221,1,1,0,23
strict,186,"[2, 18, 27, 10, 26, 15, 13, 5, 14, 24, 25, 240, 64, 309, 203, 4631, 4005]",60000,0.077917334583339,15,0.00744840025415425,38,0.061023131008075666,25,0.0,131,1,5,1,15
strict,187,"[3, 6, 8, 14, 4, 20, 15, 16, 7, 26, 30, 50, 352, 197, 133, 6913, 3522]",60000,0.026276703649624464,18,0.00744840025415425,25,0.12760688724321192,19,0.0,48,2,4,0,6
strict,188,"[9, 19, 16, 6, 3, 20, 12, 27, 30, 28, 24, 363, 185, 145, 190, 3244, 1828]",60000,0.0007574251891956655,19,0.03766586730616134,23,0.04390152482379106,18,0.007894871660699422,72,2,2,2,14
strict,189,"[27, 3, 16, 15, 2, 21, 20, 29, 4, 18, 12, 218, 234, 34, 253, 3660, 3363]",60000,0.026276703649624464,11,0.06676082468960051,40,0.0034343082807192647,26,0.022722108611678175,57,1,1,1,7
strict,190,"[7, 19, 20, 14, 16, 25, 26, 15, 3, 30, 6, 65, 51, 222, 208, 3838, 2225]",60000,0.02584746347057052,14,0.00744840025415425,46,0.04197839877909528,26,0.0,50,2,9,2,7
strict,191,"[6, 17, 5, 14, 23, 22, 11, 4, 3, 2, 28, 32, 391, 205, 300, 3169, 1998]",60000,0.1378461818375542,17,0.006678705298416153,38,0.15741661227595954,29,0.0266737796745811,47,0,4,0,7
strict,192,"[13, 9, 10, 28, 6, 4, 16, 11, 12, 14, 27, 336, 311, 181, 33, 4882, 2652]",60000,0.09872793205269216,15,0.03414868105515438,26,0.09543858964729383,26,0.010042360502476014,133,1,4,1,20
strict,193,"[13, 25, 2, 27, 15, 24, 4, 6, 23, 17, 11, 232, 228, 368, 43, 6588, 4223]",60000,0.15592052167578146,11,0.0142843864443331,40,0.04513718689436684,29,0.0,119,0,6,2,16
strict,194,"[16, 15, 4, 7, 25, 28, 13, 18, 19, 20, 6, 49, 190, 389, 119, 4802, 1910]",60000,0.026276703649624464,19,0.0402382187816906,34,0.04390152482379106,27,0.0,123,1,2,2,18
strict,195,"[10, 16, 14, 28, 4, 30, 23, 5, 17, 27, 19, 302, 85, 393, 289, 5324, 5271]",60000,0.050339526979409716,16,0.08669823769138539,32,0.06486296394332816,29,0.01223304903911688,39,2,1,3,8
strict,196,"[23, 4, 22, 17, 27, 18, 10, 3, 5, 6, 15, 226, 293, 57, 73, 4884, 3927]",60000,0.09930977670429664,9,0.015718398732347438,35,0.06486296394332816,24,0.01223304903911688,53,1,3,3,7
strict,197,"[13, 14, 6, 26, 21, 7, 8, 3, 25, 16, 10, 265, 67, 130, 63, 3171, 4254]",60000,0.026276703649624464,15,0.00744840025415425,35,0.07144667826363137,24,0.0,106,2,6,1,15
strict,198,"[21, 13, 15, 10, 6, 7, 28, 17, 19, 2, 5, 346, 63, 71, 186, 2855, 6519]",60000,0.10948207258325891,22,0.06773935690158277,44,0.0041678776056146725,21,0.01223304903911688,127,0,3,2,16
strict,199,"[9, 21, 28, 26, 24, 12, 27, 19, 25, 23, 7, 60, 131, 393, 220, 4820, 1369]",60000,0.06176299812627498,26,0.001895623066924506,34,0.0947595279887746,20,0.0,55,3,4,1,11
medium,0,"[22, 5, 28, 9, 25, 13, 30, 6, 17, 24, 21, 370, 374, 267, 107, 1821, 2253]",60000,0.026276703649624464,13,0.0074484002541704356,39,0.03878765557432423,24,0.0,164,1,1,2,18
medium,1,"[24, 7, 9, 29, 25, 26, 28, 23, 6, 13, 18, 179, 210, 189, 137, 5648, 4566]",60000,0.026276703649624464,13,0.001773698845147491,34,0.06468323942825592,27,0.0,166,2,3,1,28
medium,2,"[13, 29, 27, 2, 3, 9, 17, 16, 26, 15, 6, 175, 71, 125, 52, 3346, 5408]",60000,0.14324351512885317,21,0.004591092849132841,36,0.05822257413507422,32,0.01179801793298177,155,0,4,5,19
medium,3,"[8, 25, 30, 15, 17, 28, 14, 11, 29, 2, 21, 168, 115, 243, 93, 5265, 3323]",60000,0.045273955094431016,18,0.10469277911004306,28,0.009842181189930353,38,0.0,52,5,0,3,5
medium,4,"[14, 22, 28, 11, 19, 29, 30, 23, 3, 10, 12, 367, 145, 232, 37, 6126, 5709]",60000,0.09934191672753598,10,0.0032061908889280863,38,0.03878765557432423,37,0.009607101923644465,74,1,2,5,13
medium,5,"[16, 3, 9, 20, 8, 5, 19, 6, 17, 4, 13, 175, 347, 113, 225, 3029, 4932]",60000,0.026276703649624464,14,0.015718398732347438,34,0.0016128772116523271,31,0.0,169,2,2,4,21
medium,6,"[14, 9, 23, 4, 5, 18, 17, 28, 11, 8, 3, 273, 172, 200, 125, 2419, 4577]",60000,0.3631532166315124,9,0.002752370967542934,40,0.059616169503353765,28,0.0266737796745811,54,0,2,3,4
medium,7,"[10, 28, 7, 15, 16, 14, 8, 20, 2, 13, 30, 299, 288, 198, 248, 4716, 6348]",60000,0.39473235177498983,4,0.008936044787470586,39,0.009175599120505943,29,0.0024737779537022495,179,0,4,1,37
medium,8,"[7, 18, 5, 30, 23, 27, 14, 6, 25, 24, 22, 46, 396, 147, 213, 6815, 1193]",60000,0.04649858937882154,9,0.001895623066924506,42,0.029662915675283164,37,0.01223304903911688,57,2,4,2,8
medium,9,"[7, 23, 24, 25, 13, 17, 11, 27, 2, 5, 26, 399, 247, 34, 143, 5041, 3920]",60000,0.004135663849200093,16,0.013324630976347843,35,0.04689470810136974,32,0.0,167,3,1,3,23
medium,10,"[10, 3, 22, 9, 19, 30, 11, 20, 12, 26, 14, 223, 206, 169, 96, 6610, 5159]",60000,0.0779173345833509,12,0.005020298897523041,34,0.09374197607652619,32,0.009607101923644465,67,1,3,2,9
medium,11,"[2, 28, 29, 17, 7, 13, 22, 4, 26, 24, 27, 226, 64, 267, 155, 4344, 4765]",60000,0.029129848922984647,17,0.001895623066924506,45,0.0346315545109999,26,0.01179801793298177,175,3,5,5,21
medium,12,"[30, 22, 10, 18, 27, 19, 13, 7, 9, 29, 12, 153, 103, 116, 391, 4009, 5363]",60000,0.09122572842812708,13,0.020832684236246197,39,0.05722933278606556,34,0.009607101923644465,168,1,3,3,21
medium,13,"[14, 30, 11, 16, 8, 24, 3, 21, 10, 4, 27, 213, 336, 202, 313, 5307, 1036]",60000,0.1074668633116787,10,0.0032061908889442717,29,0.04293636076732574,33,0.009607101923644465,67,0,3,2,8
medium,14,"[10, 16, 8, 3, 22, 9, 27, 18, 25, 17, 12, 57, 235, 275, 96, 6918, 3644]",60000,0.09958510703104166,13,0.008936044787470586,32,0.02685868152402917,26,0.009607101923644465,80,1,3,7,13
medium,15,"[26, 13, 6, 23, 24, 28, 5, 27, 20, 17, 29, 141, 217, 176, 346, 1147, 6337]",60000,0.07034993481066165,20,0.11128282559137159,35,0.0041678776056146725,32,0.00508341016434196,176,1,0,4,22
medium,16,"[8, 21, 12, 10, 27, 25, 30, 6, 26, 9, 22, 322, 362, 212, 100, 2264, 5797]",60000,0.15409221598957748,14,0.04992611971028347,30,0.07853008982724459,28,0.0,65,0,1,3,6
medium,17,"[19, 14, 5, 12, 18, 3, 29, 10, 16, 30, 23, 99, 266, 122, 133, 2555, 4303]",60000,0.02654455799521898,16,0.015714509749738637,46,0.08166064428309357,36,0.009607101923644465,69,2,3,3,14
medium,18,"[20, 4, 14, 19, 9, 15, 2, 29, 5, 7, 11, 371, 385, 206, 70, 3017, 3256]",60000,0.07318595134239944,11,0.11019833471873645,37,0.05100178762518497,26,0.04231013327690765,55,1,0,4,8
medium,19,"[21, 13, 12, 16, 28, 19, 14, 30, 17, 8, 20, 353, 334, 172, 58, 2193, 4771]",60000,0.015210077352533914,11,0.12000075718474257,26,0.04024466671244081,32,0.0026069274752674333,181,2,0,1,23
medium,20,"[22, 15, 6, 11, 29, 24, 9, 30, 7, 26, 17, 296, 106, 81, 51, 4155, 5199]",60000,0.06409584790267371,14,0.04752276610084602,39,0.032044522714636495,31,0.012781186094071528,65,1,2,4,7
medium,21,"[21, 12, 20, 22, 10, 29, 7, 17, 24, 26, 28, 114, 225, 301, 369, 2175, 1235]",60000,0.11598288988446177,13,0.17379019423482525,31,0.03878765557432423,28,0.009607101923644465,64,0,0,4,9
medium,22,"[28, 29, 17, 14, 9, 15, 16, 22, 27, 7, 18, 98, 281, 106, 266, 5848, 3449]",60000,0.02654455799521898,13,0.09773497028119514,32,0.03878765557432423,31,0.008340415655362891,73,1,1,4,9
medium,23,"[17, 16, 21, 9, 25, 10, 15, 24, 7, 30, 4, 99, 249, 35, 116, 1166, 2347]",60000,0.026276703649624464,12,0.03414868105515438,33,0.02685868152402917,37,0.0,59,2,2,2,10
medium,24,"[15, 24, 17, 12, 2, 21, 26, 11, 13, 27, 19, 307, 109, 56, 47, 3401, 6625]",60000,0.09784462621375156,16,0.052191088182389274,29,0.025331659736032783,29,0.0069942647029369144,159,2,1,2,20
medium,25,"[9, 13, 26, 17, 18, 6, 27, 22, 15, 5, 29, 57, 263, 396, 261, 2032, 5941]",60000,0.02985476475870875,19,0.05663312804546687,30,0.059616169503353765,27,0.01179801793298177,164,1,3,4,18
medium,26,"[29, 6, 7, 28, 11, 18, 26, 24, 4, 9, 17, 93, 85, 83, 302, 4633, 4773]",60000,0.06685531488842947,14,0.04880903260155678,30,0.059616169503353765,27,0.01223304903911688,48,2,1,2,7
medium,27,"[6, 3, 14, 23, 21, 22, 9, 24, 20, 7, 15, 256, 188, 269, 149, 2250, 1326]",60000,0.09872793205269216,14,0.0402306726047838,35,0.017474023001517736,29,0.01223304903911688,57,1,1,3,6
medium,28,"[2, 8, 14, 21, 25, 7, 30, 29, 26, 16, 20, 46, 106, 284, 121, 4084, 4195]",60000,0.018423781554490683,14,0.08468235061287847,52,0.06468323942825592,35,0.0266737796745811,60,4,2,5,10
medium,29,"[4, 21, 18, 2, 16, 14, 12, 29, 23, 8, 30, 399, 209, 283, 87, 4880, 2462]",60000,0.10412258400931539,12,0.036561979650707975,43,0.013821354478860555,33,0.027441087637829067,57,0,3,5,8
medium,30,"[21, 17, 7, 25, 9, 8, 24, 4, 16, 15, 18, 89, 324, 57, 270, 4890, 1066]",60000,0.344609259344457,12,0.04180537922602942,34,0.058731680635309716,28,0.0,64,0,2,2,6
medium,31,"[23, 17, 28, 7, 19, 27, 13, 9, 11, 3, 15, 89, 238, 265, 107, 6243, 6959]",60000,0.2717172775419771,12,0.08094917324567129,32,0.002228135471517409,35,0.01157541382105568,167,0,1,6,25
medium,32,"[13, 30, 26, 10, 16, 27, 7, 28, 8, 5, 15, 224, 173, 356, 99, 6792, 1427]",60000,0.08247124112359258,11,0.015714509749738637,33,0.11007678072472464,28,0.003546225043445512,167,1,3,0,25
medium,33,"[23, 13, 17, 20, 6, 16, 30, 11, 18, 7, 15, 81, 98, 286, 343, 6645, 2783]",60000,0.10334275404579156,12,0.09335878236174841,36,0.03802094068022151,32,0.008340415655362891,156,0,1,1,30
medium,34,"[27, 26, 30, 12, 24, 11, 20, 4, 9, 8, 16, 393, 34, 342, 92, 1273, 1277]",60000,0.08409089919619829,14,0.00744840025415425,37,0.031225656463447313,37,0.01179801793298177,70,1,2,2,11
medium,35,"[23, 22, 4, 30, 20, 28, 24, 26, 21, 3, 15, 249, 73, 133, 261, 3139, 1735]",60000,0.026276703649624464,15,0.1888379601157349,28,0.023704727391329103,19,0.01179801793298177,62,1,0,2,9
medium,36,"[27, 10, 7, 21, 26, 4, 24, 17, 25, 3, 19, 61, 137, 357, 196, 4263, 3465]",60000,0.026276703649624464,14,0.008936044787470586,33,0.018070807942848186,29,0.00421487787097632,52,1,3,6,8
medium,37,"[5, 13, 16, 9, 21, 20, 23, 25, 17, 18, 11, 152, 303, 336, 46, 5081, 4205]",60000,0.025847463470558635,16,0.023081806155153213,46,0.02685868152402917,33,0.0,172,1,2,2,22
medium,38,"[19, 10, 30, 18, 24, 16, 25, 7, 4, 9, 14, 233, 337, 87, 144, 6401, 3612]",60000,0.026276703649624464,13,0.008936044787470586,42,0.0947595279887746,39,0.009607101923644465,50,2,1,1,8
medium,39,"[21, 13, 10, 23, 11, 20, 14, 2, 12, 5, 16, 53, 125, 204, 105, 6718, 2062]",60000,0.026276703649624464,13,0.005020298897523041,45,0.1076512140607178,33,0.0,166,2,8,0,19
medium,40,"[27, 9, 11, 22, 24, 12, 3, 18, 5, 6, 8, 80, 219, 111, 110, 6645, 5129]",60000,0.026276703649624464,13,0.09773497028119514,32,0.09374197607652619,23,0.012781186094071528,58,1,1,1,7
medium,41,"[29, 5, 26, 17, 28, 18, 10, 13, 12, 21, 4, 335, 150, 106, 273, 3536, 3788]",60000,0.026276703649624464,18,0.015714509749738637,29,0.05156222815022421,22,0.0030772021430231114,198,3,1,3,23
medium,42,"[7, 23, 2, 26, 17, 21, 11, 24, 18, 8, 3, 122, 354, 126, 218, 2968, 3682]",60000,0.026276703649624464,15,0.04736795117466948,40,0.053060926573357786,25,0.025327855012089426,55,1,1,2,6
medium,43,"[22, 8, 3, 19, 17, 9, 5, 14, 28, 7, 4, 52, 111, 306, 142, 5151, 3472]",60000,0.026276703649624464,14,0.0978484817779546,39,0.03878765557432423,34,0.01223304903911688,56,2,1,5,6
medium,44,"[17, 6, 13, 2, 7, 9, 19, 26, 4, 3, 22, 295, 83, 277, 314, 5696, 2577]",60000,0.018283660283035706,16,0.11640229984686869,33,0.059616169503353765,19,0.010745965378460683,166,2,0,2,20
medium,45,"[23, 19, 15, 6, 11, 9, 5, 22, 27, 24, 25, 383, 118, 114, 181, 3183, 4405]",60000,0.026276703649624464,14,0.04992611971028347,51,0.006642091186344957,31,0.01223304903911688,53,1,2,4,7
medium,46,"[30, 7, 18, 13, 6, 24, 16, 19, 9, 17, 20, 94, 307, 236, 31, 2089, 4233]",60000,0.0027300283427518137,19,0.07174734788439724,44,0.059616169503353765,37,0.0018823088748480743,175,1,1,4,20
medium,47,"[11, 21, 6, 8, 4, 19, 17, 24, 22, 2, 12, 370, 394, 261, 318, 3310, 1851]",60000,0.052348375721091175,18,0.018189892530417553,26,0.04197839877909528,28,0.03695551450727155,66,1,2,3,3
medium,48,"[14, 6, 3, 9, 20, 30, 8, 29, 24, 26, 15, 305, 392, 350, 383, 2356, 4644]",60000,4.851990622799893e-05,17,0.03414868105515438,32,0.018070807942848186,27,0.006407278668556901,64,3,1,4,6
medium,49,"[16, 25, 21, 4, 13, 20, 27, 30, 8, 17, 7, 357, 102, 181, 371, 4168, 4504]",60000,0.07694385141876624,16,0.04752276610084602,36,0.09534248775500732,31,0.0,171,1,2,1,20
medium,50,"[23, 9, 26, 3, 13, 15, 22, 11, 30, 10, 24, 290, 367, 370, 345, 6713, 2374]",60000,0.026276703649624464,8,0.005020298897523041,33,0.06870329550367311,26,0.0041452495440276165,181,1,1,1,30
medium,51,"[2, 21, 30, 28, 12, 27, 13, 17, 29, 16, 23, 32, 60, 270, 92, 3897, 6071]",60000,0.19627743598181524,11,0.006678705298416153,39,0.03274480307191068,40,0.01940709705508951,163,0,2,3,23
medium,52,"[15, 16, 10, 3, 14, 8, 22, 26, 6, 29, 20, 256, 255, 371, 131, 4958, 4933]",60000,0.005999736955189289,14,0.008936044787470586,39,0.06468323942825592,33,0.009607101923644465,60,2,3,1,7
medium,53,"[17, 22, 12, 29, 13, 30, 3, 11, 7, 6, 4, 301, 190, 238, 182, 6942, 3808]",60000,0.2717172775419771,12,0.08809476144923033,36,0.07169972331825969,27,0.0010190978945386142,176,0,1,2,25
medium,54,"[29, 5, 20, 6, 19, 10, 27, 28, 23, 9, 12, 379, 283, 150, 381, 3001, 6873]",60000,0.30845403462826004,6,0.01197272128900292,41,0.03565777877698198,29,0.0048306845079751585,71,0,4,3,14
medium,55,"[15, 27, 11, 29, 13, 4, 17, 28, 24, 23, 14, 58, 218, 167, 99, 1457, 4645]",60000,0.015210077352533914,10,0.02459536957589077,30,0.04513718689436684,37,0.0014737400575148898,167,1,2,4,19
medium,56,"[29, 19, 23, 27, 5, 14, 28, 15, 17, 7, 4, 93, 245, 369, 74, 4990, 4301]",60000,0.01213584500768488,10,0.014650858741280413,32,0.0016128772116523271,30,0.01683813833585498,54,1,1,5,7
medium,57,"[23, 18, 25, 9, 14, 4, 24, 16, 13, 27, 2, 105, 55, 230, 158, 2832, 4540]",60000,0.09529781600159273,15,0.03414868105515438,33,0.1076512140607178,32,0.0,168,1,2,0,17
medium,58,"[13, 16, 17, 6, 8, 5, 20, 4, 26, 28, 21, 148, 80, 162, 114, 3418, 4107]",60000,0.040804289875642656,20,0.12000075718474257,31,0.04197839877909528,31,0.0018852937239303563,159,3,0,1,27
medium,59,"[19, 25, 21, 29, 28, 10, 14, 17, 5, 16, 8, 368, 75, 214, 179, 3985, 4969]",60000,0.05548998539718821,11,0.015714509749738637,30,0.025003329541401106,31,0.0,59,1,1,2,10
medium,60,"[6, 27, 14, 9, 20, 28, 16, 30, 11, 26, 5, 326, 161, 397, 231, 6160, 1817]",60000,0.1074668633116787,12,0.028961073565394325,37,0.12568035503148853,27,1.362236840030867e-14,56,0,2,0,8
medium,61,"[29, 4, 12, 2, 3, 25, 8, 16, 18, 17, 20, 210, 134, 191, 38, 3380, 1706]",60000,0.026276703649624464,21,0.008124832609917657,39,0.0947595279887746,30,0.04231013327690765,73,2,3,1,6
medium,62,"[9, 20, 26, 11, 10, 25, 21, 23, 30, 28, 19, 365, 395, 263, 227, 6512, 1679]",60000,0.2232342105203884,9,0.005020298897523041,35,0.04244521168400206,41,0.009607101923644465,70,0,2,3,14
medium,63,"[7, 24, 17, 12, 22, 8, 27, 25, 10, 18, 5, 339, 304, 310, 343, 2854, 2860]",60000,0.057598251175950334,23,0.007503756994412944,27,0.0016128772116523271,24,0.0,79,1,6,5,10
medium,64,"[13, 24, 20, 25, 2, 15, 27, 29, 12, 3, 11, 381, 173, 351, 216, 6387, 3309]",60000,0.337455211636371,13,0.11128282559137159,32,0.10962003393717414,25,0.0,192,0,0,0,26
medium,65,"[9, 21, 28, 7, 29, 10, 24, 12, 16, 25, 18, 93, 167, 132, 122, 2252, 2475]",60000,0.0174273764245609,12,0.03466731314200084,32,0.04024466671244081,30,0.009607101923644465,69,2,1,2,13
medium,66,"[6, 21, 11, 26, 20, 22, 7, 29, 15, 30, 24, 43, 288, 325, 240, 6209, 3173]",60000,0.05574315538506838,15,0.0142843864443331,41,0.06468323942825592,26,0.012781186094071528,70,3,2,1,6
medium,67,"[24, 6, 28, 30, 20, 16, 12, 18, 25, 22, 17, 179, 334, 146, 167, 5185, 1406]",60000,0.026276703649624464,18,0.09773497028119514,28,0.03878765557432423,28,0.01223304903911688,73,2,1,2,8
medium,68,"[25, 9, 12, 29, 22, 13, 21, 3, 2, 4, 28, 46, 120, 36, 315, 2999, 1121]",60000,0.12041716904409001,13,0.03414868105515438,35,0.03878765557432423,27,0.0,170,0,1,3,22
medium,69,"[10, 30, 19, 5, 8, 23, 2, 27, 24, 22, 18, 198, 268, 144, 37, 5432, 5309]",60000,0.09894028486009396,20,0.008936044787470586,43,0.05100178762518497,34,0.009607101923644465,58,2,4,2,11
medium,70,"[12, 13, 24, 8, 29, 30, 18, 4, 28, 17, 23, 256, 323, 241, 287, 3220, 1976]",60000,0.018283660283035706,11,0.058554406474819576,35,0.05671116705089496,29,0.0018993713081003113,178,1,1,1,22
medium,71,"[13, 5, 25, 8, 9, 12, 27, 26, 16, 30, 17, 211, 339, 144, 226, 4569, 4419]",60000,0.029129848922984647,11,0.10469277911004306,32,0.059616169503353765,31,0.0,211,2,0,2,30
medium,72,"[13, 3, 20, 7, 25, 8, 9, 4, 17, 21, 23, 219, 256, 336, 363, 5998, 4938]",60000,0.09526190716890447,14,0.011207210445849713,45,0.059616169503353765,32,0.0,166,1,2,1,27
medium,73,"[7, 21, 16, 24, 15, 14, 10, 19, 27, 11, 23, 79, 342, 374, 151, 1956, 4893]",60000,0.026276703649624464,21,0.001895623066924506,38,0.047461624292269834,30,1.362236840030867e-14,94,1,5,2,14
medium,74,"[9, 7, 14, 20, 30, 22, 25, 13, 4, 6, 10, 256, 345, 43, 270, 2776, 5905]",60000,0.11890418596092593,13,0.012987408549024236,41,0.08166064428309357,28,0.0,160,0,3,1,19
medium,75,"[10, 21, 22, 16, 26, 12, 3, 9, 29, 20, 15, 271, 385, 190, 328, 4991, 2492]",60000,0.06413254870321451,15,0.004173302622978631,38,0.04390152482379106,31,0.007967492630060125,106,1,2,4,16
medium,76,"[11, 23, 28, 25, 14, 27, 20, 6, 22, 16, 21, 135, 349, 115, 346, 5854, 4942]",60000,0.026276703649624464,18,0.05086942403713244,40,0.0016128772116523271,32,0.0,56,3,1,4,8
medium,77,"[17, 26, 24, 9, 29, 12, 11, 30, 19, 23, 10, 133, 259, 78, 192, 6744, 4190]",60000,0.05954592758473912,15,0.005020298897523041,37,0.03024383363162445,38,0.009607101923644465,71,1,2,5,13
medium,78,"[22, 23, 17, 7, 2, 10, 16, 3, 4, 20, 28, 108, 335, 208, 69, 4532, 1522]",60000,0.19319724118902934,14,0.05935780569240337,22,0.03878765557432423,27,0.009607101923644465,57,0,2,2,8
medium,79,"[6, 12, 21, 11, 19, 5, 20, 23, 22, 29, 28, 89, 171, 151, 38, 4929, 6419]",60000,0.08715696944612977,15,0.051104847116466026,37,0.03878765557432423,40,0.01223304903911688,73,2,4,6,9
medium,80,"[23, 28, 7, 14, 11, 22, 9, 25, 24, 6, 12, 159, 86, 206, 243, 2970, 6030]",60000,0.006899507529025193,12,0.01679299384800412,36,0.03878765557432423,30,0.01223304903911688,64,5,4,2,9
medium,81,"[4, 17, 30, 12, 20, 26, 3, 6, 5, 23, 18, 303, 322, 66, 70, 5434, 4317]",60000,0.1728182903124766,8,0.03414868105515438,39,0.11197852589343103,25,0.01179801793298177,72,0,3,0,10
medium,82,"[26, 17, 23, 10, 14, 25, 30, 13, 27, 15, 28, 294, 314, 271, 37, 3202, 5858]",60000,0.0678036508366153,15,0.04580003391821339,35,0.06486296394332816,33,0.0,174,2,2,2,26
medium,83,"[21, 28, 14, 27, 22, 19, 29, 24, 26, 4, 23, 180, 80, 32, 346, 2993, 4144]",60000,0.077917334583339,15,0.11128282559137159,52,0.0041678776056146725,31,0.027441087637829067,46,2,0,4,7
medium,84,"[12, 21, 25, 11, 17, 3, 22, 26, 2, 8, 15, 55, 210, 264, 69, 6587, 1608]",60000,0.14076277467740797,13,0.07675987087567351,36,0.09374197607652619,31,0.0,61,0,1,1,6
medium,85,"[24, 2, 25, 6, 11, 23, 30, 13, 15, 12, 3, 292, 308, 68, 116, 6901, 2666]",60000,0.04005371856764425,14,0.007924354536838676,40,0.10962003393717414,29,0.0,172,3,2,0,28
medium,86,"[13, 15, 5, 3, 17, 24, 30, 21, 10, 8, 2, 51, 400, 197, 74, 2755, 5870]",60000,0.12211522512998062,15,0.015714509749738637,36,0.021773842357378937,29,0.0041452495440276165,164,0,2,2,26
medium,87,"[17, 23, 27, 29, 30, 21, 6, 11, 26, 14, 10, 169, 119, 332, 110, 3687, 6157]",60000,0.026276703649624464,13,0.005020298897523041,37,0.06468323942825592,39,0.009607101923644465,51,1,1,3,9
medium,88,"[5, 24, 4, 15, 6, 30, 12, 2, 9, 25, 7, 249, 158, 157, 75, 1894, 3481]",60000,0.06409584790267371,15,0.07918159921939337,28,0.010570222374518342,23,0.004387570215872173,71,2,1,2,10
medium,89,"[13, 6, 17, 27, 11, 16, 26, 29, 19, 15, 23, 229, 226, 215, 193, 1541, 2984]",60000,0.018283660283035706,14,0.11128282559137159,41,0.06046465813758817,28,0.01179801793298177,215,2,0,4,21
medium,90,"[13, 5, 21, 12, 17, 3, 30, 26, 23, 22, 8, 219, 40, 257, 339, 3870, 3717]",60000,0.03273834943151985,17,0.09635088389464602,35,0.02671602447480985,29,0.0034574364934635577,187,1,1,2,21
medium,91,"[24, 29, 12, 9, 28, 18, 21, 5, 17, 25, 14, 180, 136, 107, 126, 3370, 2621]",60000,0.09872793205269216,11,0.1410251238261763,30,0.0016128772116523271,29,0.004387570215872173,61,1,0,3,7
medium,92,"[22, 19, 9, 8, 17, 10, 20, 2, 25, 18, 7, 179, 393, 63, 331, 3118, 2361]",60000,0.10706884387004828,20,0.09773497028119514,33,0.05100178762518497,32,0.009607101923644465,67,0,1,3,8
medium,93,"[12, 13, 2, 6, 8, 20, 29, 17, 11, 15, 14, 296, 109, 121, 137, 1226, 1174]",60000,0.026276703649624464,19,0.00027482146514932755,44,0.04197839877909528,38,0.0041452495440276165,175,2,2,3,21
medium,94,"[22, 11, 8, 7, 30, 6, 18, 27, 3, 12, 28, 313, 141, 129, 379, 4636, 3058]",60000,0.026276703649624464,12,0.003698123724356607,31,0.03878765557432423,24,0.012781186094071528,74,1,3,3,11
medium,95,"[22, 17, 11, 9, 13, 20, 28, 6, 10, 8, 25, 387, 312, 39, 107, 6004, 4036]",60000,0.11772737799729219,18,0.005020298897523041,35,0.03878765557432423,31,0.0,181,0,3,2,23
medium,96,"[24, 20, 8, 12, 17, 15, 2, 14, 6, 10, 7, 200, 357, 179, 44, 3353, 2863]",60000,0.0705463508214985,11,0.04752276610084602,26,0.12686198235657933,26,0.009607101923644465,69,1,1,0,8
medium,97,"[5, 15, 13, 28, 2, 18, 11, 16, 21, 19, 14, 206, 165, 310, 261, 5959, 6255]",60000,0.017443505223711877,13,0.07918159921939337,43,0.10962003393717414,30,0.01223304903911688,183,2,3,0,26
medium,98,"[19, 2, 18, 14, 3, 10, 30, 20, 12, 15, 13, 344, 75, 62, 41, 1343, 2738]",60000,0.026276703649624464,10,0.06773935690158277,45,0.0016128772116523271,44,0.0,153,2,1,6,27
medium,99,"[18, 16, 29, 12, 22, 20, 24, 10, 26, 14, 2, 329, 39, 167, 111, 3042, 4346]",60000,0.012573391412038733,17,0.0775366373567796,34,0.06468323942825592,32,0.009607101923644465,76,3,2,2,8
medium,100,"[30, 29, 8, 22, 20, 25, 11, 3, 19, 17, 21, 39, 168, 239, 71, 1213, 3992]",60000,0.07694385141876624,15,0.052191088182389274,35,0.03235426819341453,34,0.04231013327690765,48,1,1,3,5
medium,101,"[12, 20, 13, 27, 6, 25, 11, 9, 4, 28, 21, 55, 363, 64, 274, 3356, 4299]",60000,0.026276703649624464,9,0.026657797849319684,40,0.11197852589343103,27,0.0,172,1,1,0,20
medium,102,"[25, 23, 21, 5, 4, 28, 12, 6, 19, 8, 24, 365, 129, 262, 128, 3651, 1688]",60000,0.026276703649624464,10,0.10469277911004306,28,0.0292509200062868,29,0.0,104,2,0,3,13
medium,103,"[25, 30, 2, 22, 20, 7, 27, 4, 6, 3, 15, 69, 320, 103, 132, 3393, 4545]",60000,0.07499976854495216,15,0.10469277911004306,42,0.061023131008075666,21,0.0,54,3,0,3,7
medium,104,"[10, 26, 2, 6, 7, 23, 11, 27, 4, 3, 30, 335, 334, 186, 125, 4801, 6113]",60000,0.1070244819477839,15,0.005020298897523041,48,0.0016128772116362111,27,0.009607101923644465,62,0,5,3,10
medium,105,"[4, 6, 2, 27, 12, 14, 22, 25, 8, 5, 3, 208, 365, 382, 139, 1776, 6368]",60000,0.026276703649624464,16,0.013324630976347843,37,0.09374197607652619,25,0.022722108611678175,63,1,2,1,6
medium,106,"[8, 5, 30, 27, 25, 23, 29, 22, 20, 19, 7, 196, 368, 359, 36, 1622, 2546]",60000,0.06548655035892183,17,0.11128282559137159,38,0.018070807942848186,24,0.022722108611678175,80,1,0,2,8
medium,107,"[26, 6, 9, 30, 7, 13, 22, 16, 29, 24, 2, 290, 75, 157, 257, 1654, 5487]",60000,0.022374209143974755,14,0.06676082468958433,39,0.06468323942825592,20,0.007526719739876114,170,3,1,1,23
medium,108,"[22, 18, 5, 8, 13, 7, 24, 6, 20, 16, 11, 107, 268, 177, 382, 1821, 5548]",60000,0.050877584336498236,12,0.0074484002541704356,38,0.0607235603614201,33,0.003466084364485431,173,2,3,1,25
medium,109,"[26, 10, 8, 9, 30, 22, 25, 17, 12, 16, 13, 312, 235, 35, 241, 6243, 4519]",60000,0.0705459121929585,15,0.00744840025415425,60,0.029403992243306726,27,0.0,169,1,3,5,28
medium,110,"[18, 13, 17, 22, 12, 6, 27, 9, 28, 24, 2, 342, 159, 300, 76, 1288, 2742]",60000,0.026276703649624464,14,0.06241956660915452,29,0.014725699903328872,30,0.0,167,3,2,7,16
medium,111,"[9, 28, 22, 2, 6, 15, 14, 21, 25, 30, 16, 49, 288, 289, 210, 6456, 4425]",60000,0.025856877237918924,10,0.02708894579252408,59,0.012105572826525994,55,0.0022208597575408425,59,1,4,5,8
medium,112,"[9, 2, 12, 27, 24, 11, 15, 6, 7, 17, 10, 112, 86, 225, 143, 6622, 5143]",60000,0.026276703649624464,10,0.005020298897523041,40,0.0016128772116523271,31,0.009607101923644465,58,2,4,4,8
medium,113,"[17, 2, 15, 4, 14, 21, 27, 25, 5, 23, 18, 286, 146, 322, 258, 6562, 6091]",60000,0.2396823534288305,7,0.08468235061287847,36,0.06486296394332816,23,0.0,61,0,1,3,6
medium,114,"[9, 25, 10, 5, 26, 15, 7, 12, 30, 13, 20, 195, 393, 39, 224, 4756, 6329]",60000,0.07694385141876624,15,0.008936044787470586,35,0.03235426819341453,30,0.0,156,1,4,3,24
medium,115,"[10, 7, 9, 30, 28, 14, 16, 11, 15, 4, 13, 86, 120, 154, 249, 1849, 2762]",60000,0.077917334583339,8,0.005020298897523041,46,0.0853987063886831,31,0.0012319215512459857,150,1,4,1,20
medium,116,"[26, 11, 20, 25, 23, 29, 8, 3, 17, 21, 16, 380, 347, 300, 297, 2182, 3830]",60000,0.1829758316448955,9,0.02591697393073076,35,0.06468323942825592,26,0.0,74,0,1,2,12
medium,117,"[25, 11, 22, 18, 26, 7, 15, 16, 9, 13, 21, 72, 373, 215, 139, 5813, 1493]",60000,0.13338708987465386,12,0.05518630671870259,35,0.07663042193991827,25,0.0,159,0,2,1,24
medium,118,"[3, 13, 28, 20, 4, 9, 29, 22, 27, 19, 26, 56, 248, 80, 81, 6333, 3544]",60000,0.01318607685192533,17,0.041876580757045555,41,0.03878765557432423,24,0.005598863727964044,150,3,2,4,21
medium,119,"[6, 27, 28, 17, 15, 23, 4, 18, 10, 14, 24, 386, 283, 394, 322, 3342, 4029]",60000,0.34460925934444514,12,0.06358503303364525,38,0.03181462976571454,30,0.009607101923644465,54,0,1,3,6
medium,120,"[2, 12, 10, 3, 29, 20, 25, 23, 15, 18, 30, 254, 336, 342, 99, 2800, 1513]",60000,0.023402302755807878,15,0.008936044787470586,52,0.10962003393717414,26,0.0,67,3,2,0,11
medium,121,"[15, 10, 8, 21, 12, 28, 29, 19, 4, 14, 27, 37, 80, 312, 329, 3536, 5869]",60000,0.09934191672753598,12,0.008936044787470586,32,0.09615448559490364,25,0.009607101923644465,64,1,2,1,7
medium,122,"[2, 24, 8, 4, 25, 30, 14, 13, 17, 10, 27, 154, 124, 254, 211, 1070, 6258]",60000,0.026276703649624464,13,0.04736795117466948,41,0.09534248775500732,29,0.0,168,2,2,1,20
medium,123,"[8, 29, 14, 22, 16, 19, 15, 17, 5, 25, 30, 316, 399, 284, 258, 5611, 5548]",60000,0.04919583913480326,10,0.1888379601157349,37,0.015595299662234073,31,0.013176162123882028,54,3,0,2,7
medium,124,"[25, 28, 15, 9, 19, 18, 16, 27, 22, 4, 3, 280, 358, 177, 49, 5624, 2968]",60000,0.09822257389758915,12,0.07174734788439724,31,0.03878765557432423,26,0.0,56,1,2,3,6
medium,125,"[7, 14, 28, 30, 4, 10, 24, 16, 20, 21, 18, 75, 299, 397, 55, 6438, 1385]",60000,0.04181355930412562,8,0.03466731314200084,37,0.048789535652664195,31,0.009607101923644465,46,2,3,3,5
medium,126,"[30, 7, 19, 25, 14, 24, 29, 17, 21, 28, 12, 181, 289, 55, 335, 3423, 1269]",60000,0.07694385141876624,16,0.07436869117606587,35,0.05722933278606556,29,0.0022208597575408425,64,2,2,2,8
medium,127,"[27, 7, 4, 2, 18, 23, 16, 20, 19, 17, 13, 173, 292, 81, 68, 2831, 1065]",60000,0.1973547581698663,15,0.044807308826015156,45,0.08651060865908958,27,0.00019376709004867483,166,0,3,2,19
medium,128,"[13, 20, 14, 26, 24, 4, 23, 17, 29, 22, 2, 161, 160, 400, 179, 3543, 1520]",60000,0.015034869781761292,18,0.03414868105515438,34,0.06364661612157044,25,0.01179801793298177,171,2,2,3,15
medium,129,"[24, 28, 25, 15, 2, 5, 8, 22, 20, 29, 17, 81, 105, 297, 141, 3860, 6512]",60000,0.0174273764245609,20,0.06414597281020418,28,0.01730471416508747,24,0.0,81,3,1,3,12
medium,130,"[12, 26, 29, 24, 9, 25, 20, 28, 15, 4, 7, 381, 212, 206, 237, 1777, 4170]",60000,0.09040603382911863,11,0.00744840025415425,31,0.06468323942825592,30,0.0,67,1,2,2,12
medium,131,"[2, 25, 10, 21, 13, 28, 4, 29, 8, 6, 14, 366, 356, 372, 81, 6931, 3214]",60000,0.1350715469805126,7,0.008936044787470586,39,0.009842181189930353,34,0.0,182,0,2,1,22
medium,132,"[21, 20, 24, 10, 5, 22, 2, 23, 26, 9, 11, 205, 32, 380, 210, 1803, 4618]",60000,0.096340037511264,11,0.005020298897523041,28,0.07173797337068108,24,0.004387570215872173,54,2,4,1,12
medium,133,"[3, 23, 21, 14, 4, 26, 2, 5, 15, 30, 16, 275, 226, 98, 160, 5840, 5063]",60000,0.026276703649624464,12,0.12096228954415714,27,0.07269291278899119,29,0.008340415655362891,65,2,0,1,12
medium,134,"[2, 18, 13, 22, 12, 14, 26, 3, 29, 6, 15, 341, 170, 151, 361, 4764, 5753]",60000,0.026276703649624464,15,0.039140066246115976,44,0.06468323942825592,29,0.0020314467963969017,206,2,3,2,23
medium,135,"[26, 7, 3, 30, 13, 12, 11, 29, 21, 28, 15, 190, 214, 132, 225, 5716, 6990]",60000,0.01665302884120696,16,0.0074484002541704356,34,0.06468323942825592,33,0.0048835042738641496,172,1,2,2,20
medium,136,"[3, 28, 21, 13, 12, 22, 6, 27, 30, 7, 25, 100, 108, 83, 188, 4708, 5306]",60000,0.06267275537572269,11,0.001895623066924506,36,0.03706072801731982,34,0.0,163,1,2,3,22
medium,137,"[18, 25, 21, 11, 4, 17, 19, 3, 9, 29, 24, 182, 119, 39, 321, 5790, 4757]",60000,0.026276703649624464,17,0.0402382187816906,36,0.03348390052378567,34,0.0,47,1,2,5,7
medium,138,"[19, 3, 27, 26, 21, 12, 4, 8, 11, 9, 7, 68, 149, 163, 310, 2386, 1440]",60000,0.026276703649624464,12,0.00744840025415425,31,0.03245025688730345,28,0.01179801793298177,69,1,1,2,9
medium,139,"[17, 13, 5, 25, 14, 11, 26, 3, 23, 2, 18, 194, 66, 332, 89, 6040, 1440]",60000,0.015320348917038776,15,0.03041508799239602,33,0.028914875060847937,25,0.0,167,1,3,1,23
medium,140,"[18, 8, 11, 26, 12, 24, 17, 25, 2, 7, 19, 94, 98, 288, 379, 3048, 6588]",60000,0.017269685639865997,21,0.0402382187816906,30,0.11197852589343103,28,0.0,69,1,1,0,8
medium,141,"[30, 12, 4, 6, 11, 7, 2, 23, 10, 14, 28, 237, 119, 99, 140, 6238, 1728]",60000,0.06509803959556665,18,0.005020298897523041,38,0.03521448578785259,27,0.009607101923644465,58,2,4,2,13
medium,142,"[29, 16, 23, 22, 20, 13, 26, 7, 2, 17, 8, 99, 176, 83, 218, 3197, 1494]",60000,0.020589691057566185,13,0.02459536957589077,37,0.06468323942825592,26,0.0017428890128260784,164,1,1,1,19
medium,143,"[30, 8, 11, 28, 24, 14, 17, 27, 15, 2, 16, 251, 244, 128, 239, 3433, 5199]",60000,0.0705463508214985,19,0.1888379601157349,21,0.06725781734269108,30,0.007542995071919328,54,2,0,3,6
medium,144,"[15, 4, 28, 20, 23, 16, 30, 9, 29, 14, 26, 209, 315, 226, 94, 2745, 5511]",60000,0.029129848922984647,11,0.0643316071780248,34,0.0016128772116523271,28,0.013209264097218924,74,1,2,4,10
medium,145,"[29, 2, 13, 10, 21, 27, 9, 12, 6, 18, 16, 50, 209, 67, 66, 2197, 3723]",60000,0.02985476475870875,19,0.008936044787470586,45,0.013821354478860555,29,0.0,161,2,3,2,21
medium,146,"[2, 22, 15, 14, 11, 21, 12, 29, 5, 24, 17, 365, 129, 364, 367, 1842, 4042]",60000,0.13777490656427357,9,0.04736795117466948,49,0.07169972331825969,27,0.03286590709902356,71,0,4,2,8
medium,147,"[6, 18, 8, 19, 22, 25, 28, 12, 13, 4, 7, 198, 286, 382, 306, 2374, 6073]",60000,0.02985476475870875,17,0.0402382187816906,30,0.03878765557432423,28,0.0,187,3,2,3,23
medium,148,"[10, 21, 24, 12, 19, 18, 6, 3, 29, 11, 30, 103, 263, 270, 129, 4430, 5999]",60000,0.12909862502639505,11,0.005020298897523041,46,0.10962003393717414,26,0.009511580349067933,63,0,3,0,6
medium,149,"[8, 17, 9, 30, 23, 12, 18, 7, 4, 26, 24, 39, 151, 253, 149, 3841, 1672]",60000,0.026276703649624464,15,0.07552527514413016,38,0.022975489286595496,29,0.0266737796745811,57,2,1,3,5
medium,150,"[27, 21, 16, 4, 9, 20, 15, 18, 23, 24, 2, 341, 45, 305, 208, 1054, 4030]",60000,0.15592052167578146,13,0.11019833471873645,27,0.0016128772116523271,38,0.009308004200859121,65,0,0,5,10
medium,151,"[9, 28, 25, 2, 24, 17, 11, 4, 29, 7, 5, 289, 392, 152, 127, 6929, 6818]",60000,0.0174273764245609,13,0.04736795117466948,35,0.059616169503353765,19,0.0,54,3,2,1,7
medium,152,"[15, 14, 3, 2, 29, 25, 23, 8, 17, 18, 30, 137, 220, 204, 247, 6331, 2900]",60000,0.024355151335464387,13,0.1310894199442646,25,0.05635658962176825,38,0.00421487787097632,81,3,0,3,10
medium,153,"[29, 30, 13, 10, 4, 27, 23, 25, 28, 14, 20, 181, 242, 52, 273, 6596, 2489]",60000,0.07694385141876624,10,0.11128282559137159,31,0.08109877466824385,31,0.0,166,1,0,2,23
medium,154,"[6, 26, 10, 20, 3, 18, 22, 15, 27, 7, 29, 297, 120, 67, 47, 2344, 6556]",60000,0.0834448588411355,13,0.00744840025415425,43,0.05441985836840459,29,0.008519262475606637,41,1,4,2,6
medium,155,"[15, 6, 7, 9, 18, 20, 5, 4, 22, 27, 11, 310, 34, 241, 246, 6403, 3520]",60000,0.06409584790267371,17,0.044807308826015156,45,0.07027250927247007,29,0.01223304903911688,59,1,3,2,7
medium,156,"[5, 29, 7, 24, 21, 20, 9, 17, 14, 11, 27, 141, 127, 146, 340, 1582, 4417]",60000,0.009032775933792668,16,0.02677145296697102,36,0.059616169503353765,27,0.009022013713466262,87,3,1,2,12
medium,157,"[14, 3, 8, 20, 6, 4, 13, 2, 28, 16, 27, 79, 390, 298, 303, 3647, 4209]",60000,0.01212735820306794,19,0.2261790567545969,26,0.08166064428309357,27,0.0017868434427786818,168,2,0,2,20
medium,158,"[27, 2, 29, 17, 10, 12, 6, 13, 18, 15, 7, 379, 62, 72, 154, 5285, 4808]",60000,0.026276703649624464,15,0.06773935690158277,35,0.0016128772116523271,30,0.003237450831207237,181,1,1,4,25
medium,159,"[10, 14, 13, 17, 19, 3, 6, 9, 15, 12, 8, 108, 399, 113, 184, 2606, 2115]",60000,0.08887250207215201,15,0.008936044787470586,33,0.059616169503353765,36,0.009607101923644465,177,1,2,4,23
medium,160,"[27, 25, 21, 10, 24, 19, 6, 30, 11, 13, 23, 192, 137, 126, 333, 2961, 5906]",60000,0.026276703649624464,9,0.005020298897523041,41,0.07853008982724459,35,0.0,172,3,2,2,20
medium,161,"[24, 26, 17, 13, 25, 9, 22, 11, 28, 12, 10, 103, 371, 400, 82, 1160, 3864]",60000,0.09872793205269216,17,0.005020298897523041,25,0.025331659736032783,32,0.0,171,1,2,5,20
medium,162,"[18, 4, 15, 25, 27, 14, 16, 23, 19, 5, 24, 131, 400, 226, 342, 1903, 5729]",60000,0.029129848922984647,13,0.0402382187816906,27,0.07027250927247007,23,0.0,46,1,2,2,5
medium,163,"[5, 3, 14, 26, 21, 19, 27, 30, 2, 10, 29, 311, 117, 165, 252, 6779, 2932]",60000,0.02525151466705406,10,0.00744840025415425,37,0.06468323942825592,32,0.009607101923644465,51,2,3,1,8
medium,164,"[6, 27, 3, 23, 20, 16, 13, 15, 5, 18, 11, 320, 79, 153, 38, 2551, 2580]",60000,0.026276703649624464,16,0.11128282559138777,39,0.04513718689436684,41,0.0017868434427786818,164,2,0,2,22
medium,165,"[18, 6, 22, 19, 10, 30, 28, 15, 29, 3, 20, 375, 316, 161, 71, 3689, 2545]",60000,0.06462203417500441,14,0.09773497028119514,36,0.0016128772116523271,46,0.0048676079993152585,58,1,1,8,8
medium,166,"[23, 25, 15, 20, 26, 30, 16, 24, 5, 27, 7, 86, 159, 41, 371, 2712, 4966]",60000,0.07694385141876624,16,0.0142843864443331,35,0.12686198235657933,34,0.0,48,1,3,0,8
medium,167,"[4, 20, 8, 18, 19, 15, 3, 29, 26, 12, 22, 103, 324, 350, 287, 3055, 2501]",60000,0.21650552135922732,12,0.09773497028119514,39,0.06468323942825592,21,0.01179801793298177,70,0,1,2,9
medium,168,"[28, 22, 29, 3, 24, 23, 20, 7, 13, 8, 6, 213, 276, 115, 236, 6304, 3153]",60000,0.005457521192898079,12,0.03466731314200084,31,0.03878765557432423,32,0.012781186094071528,172,4,2,2,24
medium,169,"[27, 22, 9, 2, 4, 20, 13, 17, 6, 28, 30, 50, 211, 238, 200, 4958, 4466]",60000,0.08312133868028036,10,0.02460259245362147,39,0.03878765557432423,25,0.0,161,1,1,3,20
medium,170,"[20, 16, 11, 15, 23, 24, 8, 17, 27, 13, 26, 269, 135, 100, 119, 1727, 2660]",60000,0.12303961344594322,16,0.010922414484762175,38,0.0016128772116523271,33,0.006841973225089918,164,0,1,2,19
medium,171,"[10, 18, 14, 13, 6, 29, 25, 7, 26, 30, 8, 369, 254, 170, 50, 2727, 6068]",60000,0.019078780642253074,9,0.008936044787470586,34,0.011086943352583256,32,0.0,174,2,3,3,23
medium,172,"[22, 4, 15, 26, 16, 23, 27, 25, 11, 17, 8, 380, 122, 397, 156, 6605, 5424]",60000,0.026276703649624464,14,0.11128282559137159,29,0.09534248775500732,26,0.01179801793298177,46,1,0,1,7
medium,173,"[21, 7, 29, 20, 22, 13, 18, 26, 14, 5, 24, 305, 230, 330, 281, 5699, 4315]",60000,0.09529781600159273,11,0.09773497028119514,39,0.024317127638275905,33,0.002745073131981019,199,1,1,4,20
medium,174,"[27, 28, 19, 3, 29, 21, 11, 9, 30, 5, 8, 200, 72, 272, 270, 1291, 4279]",60000,0.041352749720820654,12,0.050307481178805145,29,0.0947595279887746,24,0.003098469356139791,60,1,1,1,8
medium,175,"[2, 30, 27, 16, 18, 6, 28, 4, 17, 15, 11, 182, 92, 274, 214, 1209, 4134]",60000,0.026276703649624464,11,0.02171099218832867,31,0.03274480307191068,27,0.022722108611678175,63,2,2,2,6
medium,176,"[28, 2, 24, 26, 4, 11, 5, 15, 19, 30, 18, 350, 40, 65, 143, 2579, 5781]",60000,0.09872793205268028,14,0.03940796142858095,39,0.04390152482379106,28,0.004387570215872173,67,1,3,2,10
medium,177,"[12, 25, 4, 28, 5, 26, 27, 24, 19, 11, 10, 261, 153, 207, 79, 6159, 6976]",60000,0.06176299812627498,11,0.005020298897523041,34,0.10962003393717414,28,0.0,68,1,3,0,11
medium,178,"[23, 26, 24, 16, 30, 20, 15, 12, 11, 19, 5, 356, 67, 70, 194, 5613, 1174]",60000,0.026276703649624464,10,0.00744840025415425,36,0.08651060865908958,35,0.009219830649236153,70,2,3,1,13
medium,179,"[13, 25, 10, 21, 7, 29, 28, 3, 20, 30, 18, 362, 346, 111, 364, 5596, 2777]",60000,0.003347556530835077,14,0.06817667253480164,34,0.09055153488308638,31,0.0,170,4,1,2,23
medium,180,"[3, 15, 25, 27, 18, 6, 12, 4, 30, 29, 26, 233, 395, 221, 350, 1331, 2108]",60000,0.04707549201587595,18,0.00744840025415425,28,0.06468323942825592,22,0.0,75,4,2,2,8
medium,181,"[11, 21, 8, 18, 6, 10, 27, 26, 9, 30, 22, 303, 337, 398, 100, 3702, 2254]",60000,0.054781867423019215,16,0.002752370967542934,34,0.0686166782894575,33,0.009607101923644465,59,1,7,1,6
medium,182,"[2, 6, 27, 15, 3, 26, 24, 8, 9, 7, 10, 45, 254, 340, 192, 3284, 5697]",60000,0.009136227719802254,13,0.00744840025415425,41,0.0016128772116523271,24,0.009607101923644465,81,4,3,3,8
medium,183,"[22, 13, 26, 27, 20, 4, 10, 21, 16, 17, 19, 361, 258, 345, 220, 1640, 5779]",60000,0.018283660283035706,14,0.06241956660915452,35,0.09534248775500732,33,0.009511580349067933,180,1,1,1,24
medium,184,"[24, 4, 30, 6, 17, 23, 15, 20, 2, 27, 25, 315, 350, 167, 208, 6706, 5493]",60000,0.026276703649624464,14,0.03414868105515438,32,0.09534248775500732,27,0.0,64,2,2,1,13
medium,185,"[26, 16, 15, 29, 5, 10, 20, 17, 22, 9, 21, 106, 274, 353, 127, 4117, 3515]",60000,0.026276703649624464,14,0.001773698845147491,42,0.059616169503353765,27,0.009607101923644465,64,1,4,2,7
medium,186,"[28, 19, 15, 2, 10, 7, 22, 9, 29, 3, 23, 243, 43, 359, 383, 4078, 5766]",60000,0.045273955094431016,11,0.03466731314200084,37,0.01575147184457984,37,0.009607101923644465,62,2,1,5,8
medium,187,"[5, 4, 6, 10, 11, 17, 15, 13, 19, 9, 12, 96, 126, 104, 218, 6905, 1798]",60000,0.026276703649624464,15,0.005020298897523041,40,0.059616169503353765,34,0.002434511636960167,170,2,4,3,20
medium,188,"[29, 11, 10, 9, 24, 6, 30, 19, 3, 16, 25, 95, 300, 398, 205, 2087, 5955]",60000,0.08462566710797872,7,0.005020298897523041,38,0.02514443859780957,35,0.009607101923644465,64,1,4,2,7
medium,189,"[26, 10, 13, 5, 15, 3, 28, 7, 20, 27, 23, 334, 170, 379, 389, 3259, 1643]",60000,0.08715696944612977,8,0.00744840025415425,36,0.04024466671244081,29,0.003237450831207237,186,1,6,2,23
medium,190,"[10, 8, 14, 3, 29, 18, 11, 13, 30, 5, 16, 122, 94, 358, 265, 1938, 1229]",60000,0.004784420865230759,14,0.005020298897523041,40,0.05449409726601007,37,0.0007285582512199033,178,2,4,1,27
medium,191,"[17, 21, 30, 14, 18, 8, 29, 3, 15, 26, 4, 278, 204, 85, 297, 2501, 2656]",60000,0.001019448937819691,8,0.04752276610084602,34,0.06468323942825592,32,0.006014675808968427,75,2,2,1,12
medium,192,"[22, 25, 2, 10, 24, 17, 5, 9, 7, 29, 19, 392, 54, 180, 216, 4009, 1881]",60000,0.1477600621404969,17,0.015714509749738637,36,0.013821354478860555,30,0.0,61,0,3,4,12
medium,193,"[21, 18, 11, 7, 13, 25, 30, 28, 16, 8, 2, 263, 308, 235, 248, 2258, 5661]",60000,0.1074668633116787,12,0.05447352756091773,35,0.11007678072472464,27,0.0,170,0,1,0,28
medium,194,"[12, 13, 20, 15, 4, 25, 6, 3, 19, 2, 18, 230, 270, 319, 111, 1357, 5660]",60000,0.05293402808517715,12,0.07918159921939337,41,0.07027250927247007,26,0.0,172,3,1,1,16
medium,195,"[26, 28, 16, 9, 21, 29, 19, 24, 20, 11, 17, 221, 320, 60, 168, 1909, 4208]",60000,0.03589449873495656,15,0.00744840025415425,37,0.059616169503353765,42,0.01179801793298177,80,3,2,3,9
medium,196,"[30, 22, 17, 26, 15, 25, 21, 6, 20, 8, 2, 265, 232, 110, 249, 4825, 2685]",60000,0.07694385141876624,14,0.08454997659903171,31,0.04692364280958216,22,0.027735926815400602,52,1,2,2,6
medium,197,"[27, 18, 22, 8, 30, 10, 16, 2, 11, 21, 12, 213, 382, 64, 344, 5237, 6990]",60000,0.01665302884120696,8,0.005020298897523041,27,0.09374197607652619,27,0.009607101923644465,58,2,3,1,7
medium,198,"[2, 12, 8, 15, 25, 27, 16, 19, 5, 4, 13, 240, 79, 329, 216, 3813, 5029]",60000,0.026276703649624464,18,0.0775366373567796,46,0.12686198235657933,29,0.0,181,3,2,0,20
medium,199,"[13, 23, 8, 14, 17, 5, 2, 29, 27, 20, 21, 135, 304, 307, 224, 3480, 1109]",60000,0.026276703649624464,22,0.05315499650820841,46,0.0180708079428643,31,0.009255341654320143,176,3,3,3,16
